-- MySQL Administrator dump 1.4
--
-- ------------------------------------------------------
-- Server version	5.5.25a


/*!40101 SET @OLD_CHARACTER_SET_CLIENT=@@CHARACTER_SET_CLIENT */;
/*!40101 SET @OLD_CHARACTER_SET_RESULTS=@@CHARACTER_SET_RESULTS */;
/*!40101 SET @OLD_COLLATION_CONNECTION=@@COLLATION_CONNECTION */;
/*!40101 SET NAMES utf8 */;

/*!40014 SET @OLD_UNIQUE_CHECKS=@@UNIQUE_CHECKS, UNIQUE_CHECKS=0 */;
/*!40014 SET @OLD_FOREIGN_KEY_CHECKS=@@FOREIGN_KEY_CHECKS, FOREIGN_KEY_CHECKS=0 */;
/*!40101 SET @OLD_SQL_MODE=@@SQL_MODE, SQL_MODE='NO_AUTO_VALUE_ON_ZERO' */;


--
-- Create schema hos
--

CREATE DATABASE IF NOT EXISTS hos;
USE hos;

--
-- Definition of table `appointment`
--

DROP TABLE IF EXISTS `appointment`;
CREATE TABLE `appointment` (
  `id` int(11) NOT NULL AUTO_INCREMENT,
  `name` varchar(45) DEFAULT NULL,
  `email` varchar(45) DEFAULT NULL,
  `doctype` varchar(45) DEFAULT NULL,
  `mobile` varchar(45) DEFAULT NULL,
  `gender` varchar(45) DEFAULT NULL,
  `age` varchar(45) DEFAULT NULL,
  `date` varchar(45) DEFAULT NULL,
  `pic` varchar(45) DEFAULT NULL,
  `status` varchar(45) DEFAULT NULL,
  `Demail` varchar(45) DEFAULT NULL,
  PRIMARY KEY (`id`)
) ENGINE=InnoDB AUTO_INCREMENT=22 DEFAULT CHARSET=latin1;

--
-- Dumping data for table `appointment`
--

/*!40000 ALTER TABLE `appointment` DISABLE KEYS */;
INSERT INTO `appointment` (`id`,`name`,`email`,`doctype`,`mobile`,`gender`,`age`,`date`,`pic`,`status`,`Demail`) VALUES 
 (13,'basha','p96237','Cardiologist','9089089089','male','34','2022-03-20','24.jpg','Forward','D26788'),
 (14,'naveen','P93148','Radiologist','9807890789','male','36','2022-03-20','30.jpg','Forward','D21727'),
 (15,'Vijay','p96457','Cardiologist','9988774455','male','23','2022-03-22','1.jpg','Forward','D26788'),
 (16,'venkat','P96457','Cardiologist','9089089089','male','24','2022-03-26','16.jpg','Forward','D26788'),
 (17,'hari','P58918','Radiologist','7867848877','male','24','2022-11-22','Untitled Diagram.jpg','Forward','D89389'),
 (18,'venkat','P77599','Radiologist','7867848877','male','24','2022-12-15','Untitled Diagram-Page-12.drawio (6).png','Forward','D21727'),
 (19,'venkat','P55471','Cardiologist','7867848877','male','24','2023-01-02','black.jpg','Appointment',NULL),
 (20,'venkat','P55471','Radiologist','7867848877','male','34','2023-01-02','brick.jpg','Forward','D65532'),
 (21,'karthick','P58623','Radiologist','7867848877','male','23','2023-01-04','libra.jpg','Forward','D24783');
/*!40000 ALTER TABLE `appointment` ENABLE KEYS */;


--
-- Definition of table `doctorreg`
--

DROP TABLE IF EXISTS `doctorreg`;
CREATE TABLE `doctorreg` (
  `id` varchar(45) NOT NULL,
  `name` varchar(45) DEFAULT NULL,
  `email` varchar(45) NOT NULL DEFAULT '',
  `Dtype` varchar(45) DEFAULT NULL,
  `password` varchar(45) DEFAULT NULL,
  `cpassword` varchar(45) DEFAULT NULL,
  `status` varchar(45) DEFAULT NULL,
  PRIMARY KEY (`id`,`email`)
) ENGINE=InnoDB DEFAULT CHARSET=latin1;

--
-- Dumping data for table `doctorreg`
--

/*!40000 ALTER TABLE `doctorreg` DISABLE KEYS */;
INSERT INTO `doctorreg` (`id`,`name`,`email`,`Dtype`,`password`,`cpassword`,`status`) VALUES 
 ('D21727','raja','raja@gmail.com','Radiologist','1234','1234','Activate'),
 ('D24783','thiru','thiru@gmail.com','Radiologist','111','111','Activate'),
 ('D26788','Suman','ss@gmail.com','Cardiologist','123','123','Activate'),
 ('D65532','thala','thala@gmail.com','Radiologist','111','111','Activate'),
 ('D89389','baskar','baskar@gmail.com','Radiologist','111','111','Activate');
/*!40000 ALTER TABLE `doctorreg` ENABLE KEYS */;


--
-- Definition of table `patientreg`
--

DROP TABLE IF EXISTS `patientreg`;
CREATE TABLE `patientreg` (
  `id` varchar(45) NOT NULL,
  `name` varchar(45) DEFAULT NULL,
  `email` varchar(45) NOT NULL,
  `mobile` varchar(45) DEFAULT NULL,
  `pass` varchar(45) DEFAULT NULL,
  `cpass` varchar(45) DEFAULT NULL,
  `otp` varchar(45) DEFAULT NULL,
  PRIMARY KEY (`id`,`email`)
) ENGINE=InnoDB DEFAULT CHARSET=latin1;

--
-- Dumping data for table `patientreg`
--

/*!40000 ALTER TABLE `patientreg` DISABLE KEYS */;
INSERT INTO `patientreg` (`id`,`name`,`email`,`mobile`,`pass`,`cpass`,`otp`) VALUES 
 ('P15438','divya','dividd2000@gmail.com','9089089089','123','123','94A9D'),
 ('P26833','prajith','purajithkumar@gmail.com','9089089089','123','123','CD5GC'),
 ('P36712','karthick','Admin@gmail.com','9089089089','111','111','3A691'),
 ('P37259','Aneesha','aneeshashajahan2000@gmail.com','9089089089','123','123',''),
 ('P55471','venkat@gmail.com','rvengadesh16@gmail.com','9089089089','111','111',''),
 ('P55546','vicky','vicky@gmail.com','9988998877','123','123','827BA'),
 ('P58623','karthi','karthi@gmail.com','9089089089','111','111',''),
 ('P58918','hari','hari.buvanesh71297@gmail.com','9089089089','111','111',''),
 ('P61727','paul','pauldhina80@gmail.com','9089089089','1234','1234',''),
 ('P77599','venkat','rvengadesh16@gmail.com','9089089089','111','111','D4A1F'),
 ('P81522','thala','thala@gmail.com','9089089089','111','111','FB5G4'),
 ('P93148','abc','abc@gmail.com','9988998877','123','123',NULL),
 ('P96237','bb','bb@gmail.com','9089089089','123','123','9AHF6'),
 ('P96457','Vijay','vijay@gmail.com','9988774455','123','123','');
/*!40000 ALTER TABLE `patientreg` ENABLE KEYS */;


--
-- Definition of table `patientreq`
--

DROP TABLE IF EXISTS `patientreq`;
CREATE TABLE `patientreq` (
  `pname` varchar(45) DEFAULT NULL,
  `pemail` varchar(45) DEFAULT NULL,
  `dtype` varchar(45) DEFAULT NULL,
  `date` varchar(45) DEFAULT NULL,
  `doctor` varchar(45) DEFAULT NULL,
  `gender` varchar(45) DEFAULT NULL,
  `age` varchar(45) DEFAULT NULL,
  `test` varchar(45) DEFAULT NULL,
  `status` varchar(45) DEFAULT NULL,
  `id` varchar(45) DEFAULT NULL,
  `descrption` varchar(45) DEFAULT NULL
) ENGINE=InnoDB DEFAULT CHARSET=latin1;

--
-- Dumping data for table `patientreq`
--

/*!40000 ALTER TABLE `patientreq` DISABLE KEYS */;
INSERT INTO `patientreq` (`pname`,`pemail`,`dtype`,`date`,`doctor`,`gender`,`age`,`test`,`status`,`id`,`descrption`) VALUES 
 ('basha','p96237','Cardiologist','2022-03-20','D26788','male','34','Scan','Remove','13','heavy fever'),
 ('basha','p96237','Cardiologist','2022-03-20','D26788','male','34','','Remove','13',''),
 ('naveen','P93148','Radiologist','2022-03-20','D21727','male','36','Xray','Done','14','head'),
 ('Vijay','p96457','Cardiologist','2022-03-22','D26788','male','23','Xray','Done','15','neet to take Xray'),
 ('venkat','P96457','Cardiologist','2022-03-26','D26788','male','24','Xray','Done','16','kj'),
 ('hari','P58918','Radiologist','2022-11-22','D89389','male','24','Scan','Done','17','urgent'),
 ('venkat','P77599','Radiologist','2022-12-15','D21727','male','24','Xray','Done','18','urgent'),
 ('venkat','P55471','Radiologist','2023-01-02','D65532','male','34','Xray','Done','20','urgent'),
 ('karthick','P58623','Radiologist','2023-01-04','D24783','male','23','Xray','Done','21','dfnhvghjcg');
/*!40000 ALTER TABLE `patientreq` ENABLE KEYS */;


--
-- Definition of table `report`
--

DROP TABLE IF EXISTS `report`;
CREATE TABLE `report` (
  `id` int(11) NOT NULL AUTO_INCREMENT,
  `pname` varchar(45) DEFAULT NULL,
  `pemail` varchar(45) DEFAULT NULL,
  `demail` varchar(45) DEFAULT NULL,
  `special` varchar(45) DEFAULT NULL,
  `level` varchar(45) DEFAULT NULL,
  `filename` varchar(45) DEFAULT NULL,
  `filetype` varchar(45) DEFAULT NULL,
  `filekey` varchar(45) DEFAULT NULL,
  `filesize` varchar(45) DEFAULT NULL,
  `filecontent` longtext,
  `phash` varchar(200) DEFAULT NULL,
  `ahash` varchar(200) DEFAULT NULL,
  `status` varchar(45) DEFAULT NULL,
  `mail` varchar(45) DEFAULT NULL,
  `tech` varchar(45) DEFAULT NULL,
  PRIMARY KEY (`id`)
) ENGINE=InnoDB AUTO_INCREMENT=43 DEFAULT CHARSET=latin1;

--
-- Dumping data for table `report`
--

/*!40000 ALTER TABLE `report` DISABLE KEYS */;
INSERT INTO `report` (`id`,`pname`,`pemail`,`demail`,`special`,`level`,`filename`,`filetype`,`filekey`,`filesize`,`filecontent`,`phash`,`ahash`,`status`,`mail`,`tech`) VALUES 
 (31,'basha','p96237','D26788','Cardiologist','Serius','new.pdf','application/pdf','69873','718448','3sQIZzANFkHa23kxMqqfjPAdkMXr8vtFtMBv0lu51ey31JZEOqf2BLpi+DFFj4gH1fs8DkOfpY3F\r\nahkQYMqgVbkoWZjIZ7QrL72R9PPqwAwu7WpxYU/6Ev0ytcQBjqdQojCc+jXk1P3RNy+GvpSzOVON\r\nN0QHFkVHyEvktySymRRyx01ogYHq7cKe//uWcZYMwT6Rc1FyiwKIhiOnRQqhsfDGji9iod5nbEu1\r\n78c3FH7rXNRakjCHaLLOYkVA0vLW5O62VGW6oqrH55sRGZ9kaH4f0Y3KFVFh8aGS9/VqLFZd2hum\r\ndrKKRoKi2sTb2q95qO9NzTVJZSEZLapC+0zk+kH/fqhoiMUu5qMwn/N0fWHaH1yyqIKLKiXvHV/X\r\ncXB1WXRgbsSdHQ9erwSdCFagqUTFA7Bt5GoCw6lBXHMA+J+TqqwqWvr27sozw1vHaX+HCWin3buM\r\nKOVsS17GT4eQZSpSNDLtKX4gQGC8kZLDwTmxsTBkVsjl1iBS938chOfC5NHljkU8jFnPUxpJP+Na\r\nf96aTnwYhyuCppWz7VoSTkC0C1JvK/wlX0DparTLZmIST4czl9Fu3UVpKwAyWdC7ATJqsLTv+WL4\r\nSw2wga6ZSc2epb6EVuybcPBLU6WD+ecdB+SD/J4tc/cTkvxNiKsa/DbtZOAasUbCSM/LTvStAqrg\r\ncbxTg4FRbo0OYLIVTiOQM9PITTLefFfoemoeAzp4J9ubOUytlnHdxRGI8TX3/ljH8wW2mVIjH9a/\r\nDROLhLn8TDIqdHMedOf9Uq7zRb6Unby+qpcPCAsvoRuS+Ls4x0DZExqKQvucQUkzgrMwmhkiQWju\r\nT5rumXwjZTQBq0nRHTFnZ2fHZxZoSO+FfbHLkQRnLuyqd1eCqG4i1C6zS2EQmRPqx02XBPJD+AtW\r\naFbQSG2sIdnRhoH7lu6VNCho05Mwrp8sNjl7RysbMIkowk9yuedY5xxAs5Pxa/hK1D6LSzvrUHXT\r\nIlQ2QSBP/QOk0AFXfgC839BbZH0sEVNOwSB+P12wK0w52+6/I8SDmib4nJ1tlaAFUud21Pf5ffyh\r\nNuNX3BhDDh9Oc5dcdfGd6v4pPfv9yewqg7zCPhaMezwFByqepUViLrKy9KoCrmenC7QcCgic/8B0\r\ntF7u8J6cgORAKD6kMP4H1TotSM0vUsJwcwov9ZAczPth1UTmxX/LpRPZUVwTDu4BHsLYoRR3pt/k\r\nWcwcIWJctWg/hhMslylDNfPWCj2SBqxAQUQYLO41Qjyw/FS9wy3+P+UNZxj3p2yYoKMmddMT8BH6\r\n/GE/eSl4/uAm328NbEZHg7cq7TzNIbFZrcdxgo5hx38JNIU1DHnjXDaHn+bD702kK4O3Ons09NI2\r\nXNJgnql/KZsNJIM/H1dFrsKVPhdIeqCarqBULfv4TQNWx6A0QwuleFHzcQK2uKBcYiaZ7tD7shTA\r\nbMXgACSpXedLlR2Z2BQtKDE7pcAaUzVyPonCyaGyRt8+9wuKI3aeG3ArZ5JgodfUPreUtqqhX1q6\r\ntA+IO0r3FFUKCnN+bhbRCM+zqc/fZPnavGnjgoC6diix/EfjH5/Gy84DR11taO/xGDXxjLC60uID\r\nvNvSgQinQcWjDyYgqrOBtbTorFDi75iKfx0miZdfdjTRKzJSpGC2H/JoPV5TLo0Qcz3JI8TbR5lP\r\nI84cnxpYXNCm/1X2ulh12JjiTjEOtkMH/V5fFCSbU4bLB8Zk44665SP9V8KXrFy4xhRCXUMDgFgw\r\n8ctpPrsiBP5KfGmXwrygEv6CibByEdfpi1ci7y2VKEKJOKMb7NjMNVxLF08usKgEG4Hvo3dVx5SK\r\nnZrJ3W3VAr0PatYAHI4ic+cYQlhxK7EcKI/5hPZK/xzKfqZju028WHGuL/B/huAALI/N1+CG4Uyf\r\nHGPt3YusIW6pFMagtI8BwmrkKfJX5qnYnZv/xO/qI5o9RYwLoaqaTZbgBlsss8ymoqFt/90rJyJg\r\nSoWNW9t6Aq3fcDFJWN6kx7035+pi2wCk1yvl7Xiq1biqg2cdKHaQcMtUpx/bgGkVrz4MRQ96dMhF\r\nwgRHOXZyL5Af+8qaSIveZO5pLarFwkdG0PEr4koXNryAFRNRLQyfT1VSfAnwUMLA04bB2H++zIxc\r\nPfzjPElVluWN2HQWzIsL98ZuuDL6T8cRow9Yv3ABwT8vA9qsxTczetQzZL3MesgD+AyJTN/J2j4O\r\nhYWKGESGg7TTzvOnXtfXedPhv25qlnjjc7yIAxPxJGwArDmS5gb5lBUA8IOR9OUSs2xkjK+rYm8l\r\nVYXOSs9UjhlHQ2dTIX10mYkr+IXAgZDziTtF7O2xMSA2Yk96xuh7Ave1XWh26uRV/cd3VO8aiIqz\r\nvoxZobOyitSWfYIbjMgpmC9aM1Q6uzzBskanbtGfPLq/Obe7i0J3ZwheMIuw4GULwrsD7Uh045yw\r\nGDU/UGYuCUcYxu7xjFCH2JkTr2nMTWXbCzw+dhSggFBa68bdubwieLgEZpyFuVMqEwCuv49sJHfX\r\n4ZW2ep0czPAUVI3647YYqQ/zDFWZb2HXGhcB4GuIj5jgfoln2c8bpGMQriLBqq5qBXIXdTIUjhpa\r\n0ejrlbpLfiQW8oJtA23/+gR4ar7UL/L+4q4XpKTozstoI1k446KX6r2YDAcroumaWGLvI71Q0rql\r\nTQppXsiXqqUMqQ36K9m16lV58oBGOf38pbA1JSQ0qYOtTM+sSg2Vz7vlGU8MkLzGq78fIHzDYIY7\r\n8nHeyntKl/4xloeo2pf9tt46yc8XjP8qTjfBofkdurvujLJdUfxhLq2LN1LMFN3Ae9irFr7nUR3B\r\nwU6kOzUlOeuEWJP5keYm8Xx6kJ2QnLxwIW+pamSeVySQATqsSawQ0TiXv8KK48Inc7o0J1g7SM/T\r\nRA7Zw0AmsJ3yNBIha8Tw2DsqhJrRwWXlC7atGkG32chqYm8jXICGQ0Xy7VD1o2oESD9XQk4K3PvT\r\nnEVY/yt1zZt6kwTjYU944mB4mM43e0IL2D5yrD7/jro4tSADDQis+HwIlcepf/ZyIGYcnJIk0ihW\r\nQRcewjmTfyLT/qO5YfiWIl1OdEQeGGkmc2Sfkb1htoGuH1vz4/cu8YsCqkEFJah42wWH0efUsgTq\r\nX33ug7bCjdbi4Wbgj+++6R7ue/XIBtv/je8U7eZZgLLjCiB8C8PmMuTF7tTRFGCK60YDoHlg8JFc\r\nMteqYMRPt8u7zThKAfwp6RmVbscMEeguiLkgxGdQUJMWkIfJsK7VNEimRFCVupz1B6K+7/XrYRLF\r\nqA8xARGYNJqP65grHAu6YasUNfO/JdFtqD7po2FZyEg3AzVgI/RBM+annP9nmLK33wg2GxxYo/+T\r\n0v+rhNzBWIrvT++t7q12FKu5g6Z1agxiAU5numHNpbnobAijq7HT2CP8ockyfUA6nUPhFvYi5TRd\r\nlbkJZ9u/8FjG+kuB6hFLvCDYNM7cImn4yC5Ep3/TRKbJBKDbECHIpBdXHy5/xysqclluJua67OAP\r\nexyN/B5bHJyoyVMIjExdsBlu5pGSPwMbQ73CCc9IajBT32K5bT9ZWbD95CFP3kaa3F5vQwKYHkW2\r\nUkdfKlGpyhcecZ4Ppur1zLNJw8vVmwEMkRWPkKFEu4Kfvmmcj6IDjXaGIu+i/ciPwkQdqMHL6Hnx\r\n0HcSQvvEZc1zsTzr/GRjUGti9AE2ciVibflXlTHo2WGC11j0HyUyLuIfNffIOSUbjRYibmdMQofT\r\nJp5BkrBdFzi+frTusHKGWuNm/zHYkcgF1LVCALVDbM0XP1EBk3QM+gFRkSpM7jFMSOpFNEQEAeKi\r\nwoBUcZbWFLfBRv7WCnOA4OEe20b/MgjHfz1cQSn80G5EJTW+8lrR304tysXhbk5uH8GISsrg61nW\r\nv+lRzeDBScYjeIdN1MB1pnViNJpa0c68k1ZW6qrABbg2PWnyrQzq9H4JD2YKFlJ/zaGNHsYNq3So\r\n8Gg5RtGXpSMa0+dAx6vu2vCu2MOR87ILZJrBxloMh9MAu9uczsNG8HBm/lJPsxHpUSWKS6Xb4/aW\r\ngrhItevpRlbnAhofy8z+i2ofyL2VE4mmbW5pdSNF/yX9RAFODEIsPOBTil+nwOkPb/d9t9b9MYct\r\nebm6HQSnvW8K/2kbCBDQNvP99dqS7K5Zcbj6Hz3WEDibNY0Vl+t03g7GKQtwbAV5PgSispu66KjH\r\npg90ER0HuaX5x+5Oe4QUQGkLLNEDY7tUxHl+fa/+BUrIpLCeGRRq4pJ5o3+2KpyLD6ql+pX5yD75\r\nsmkkaTG/iASjROOh+26XH6i3obGXvPN//4K4rIvCM78aqchkhMkab6km2swBbkBP1jgVt4bVKjjp\r\nerCorlG9Vkv7Fr3DIM0a0A/bFwfRv0fxia6a1lLex0sLGXIm4Q+FeQkA2OXGpbYCEGv96lc7FRu4\r\n8tqQqqitGKF/S8cjkgNFieV5MDJu1ALEFHz68zYr/Om1dijj2cUwmxYBlYejU9WoiEonwYrcWogW\r\nTzZ3h4/XwYdt/zUA8/W54CXjspSVy5ma/UT+dv+nubzAbX3QcdjqNrfvOctZImmfnNbiq1bAR2eU\r\nAASlA4rOxLyK6hMrLkcukTJcViduXp6E1qDLQIO3MdN8vHl+oYOONiWA+UqH1Q6NRiI3gOkxVHbD\r\nW2m8SX8k59dohjBOrFTTvfLgtGURijTaZipdCC6EUA1xFeRZAJ5qwDXjsPR42jAyb/zIt0vXkyQf\r\nARx+xAlAPI0yxYJlUn5jubEh8QHhJEYggz4DPdyLMvyOphmJjRNdSK2YDSNRYvD13nu4Dv9CMdEu\r\nLp48QDgKm7txgKhvYwSRuitVD9yxx3xTRH9vaX10KH55B8XKmhkc3gBP+v/pmyK3FcK380+2DcKr\r\nSGE+wWyTdfps6v6Gk+JXNqC+LX8bwwNJxH6Q8xRVkRZRYmwAXdMfP5dmeHBRxjtzrBFHbzL5+Ypv\r\nyYAM6E/edVLwiy3O52MDBfUi7jPoBPCIAi8Kjh7JKlZX48cDEj59SnptQbeX7DJuGgiPcG9iPqQJ\r\nqniMgNgrJEcrtZ1O5REsEW8JadLA0Q4mcLYdcsxBu+4Gq0tv6VnJ99jURVQ6wfexgToPJvn05P7x\r\ntrFX7JHcqXXu2uQ864rIrWlWb8OB4oMJB/hh+YV6lcqA2sTHDWqsbseePzE1Szi5e+SHJ0ErMMKA\r\nFqWB9Z8qs+sEAyx81tnoBGYR5yH32DivNPzDZe+WHgUZ07c4RrbFFe0E/H2sK1D+rMma0us6lHaN\r\nTKWE9WpXMZNPJBsG3hPb9HMj6KorrJ9W44gByDl6KBRFQDnzmWUe3dTFBplEmZlaYxSvDxg8pfyA\r\nx09tD9N/faVjZ1CjFBU2En1fGjCK9mLE9A+SFOR1PyhDYA/LGaN0DRcAqSOua8JJN4eGkOlNADWS\r\nPfFHk6LT7v2Xz3R3ndQ+ivRMxe/bASYVpTguBw+WHDObrXKHupgXkIWlXNT00ZVser+7LiA+yycI\r\n/zRKYHLAaRtwHGaU8ijFYm6nB5c70BDqsSnFAK2SRV1NYwQDMfmtUcF4ArkKmeL/2t8J7cOoT/RF\r\nhYkxnPE89CmpvuLAN77vGmGAuyOyDlOTr+FzAsDht/F4L6ruQyuNWENJrLBIF7tSJK9oHU2kaeME\r\nV9+TXxmjYfkmEfTeX8POVjcM1rQY1MPpX2/O02zDzWPe7g+9DzR5SvLPt8juz1icCvILf+DTPe6A\r\niQbabcGdZ59rWZIEHYX5bWHNGagCFIerYU3GvnsTe9AyHmKq3HILvFZj/Gs1BMefFWUjOuvbajH2\r\nErYv+m47IE6NkWKEP7BSG/FmTm9UT7D1VqyluT/2ALxmW9yNDcUj/P17/1VW0+JcoYgFPMYAjuKt\r\njIcuDAoEDCXO5LMmymzH2sIvF8BvhIrjmrZTFZ2HJVQg6SqA8D2e6Ath04ZWOkmxtN7S9EjlnNN1\r\nN0UjyDPydOqmjQUE++nFh849U9D7cS+rZbU1tuXG/8RV02GNnAnFni0ufQ0CSuSyLOwfovUqT8ty\r\nIwrSsGDUtqxEbJtexOBNZ5Kh9yyuMfZABDz4kQHfPvMMJRgT6rZNpp4c270p2rGRIfkX4I9aG6L3\r\no5nlT7A65LP36UChudI8UDj35+a1JImiHcEYsyghoUBOJY9uq7TXzt4FQBk6oJDqgJNRIUG/5KUD\r\ni86f0KSV0sH1Mz/L2ZGlyDmMdbSgBkTp66yXK+mb8f7B4tLPnaQ62AkwiNI69Xybv7UHL9AA58kY\r\n4JO8x5dynK/u5aSurFRh4fW21OfrQ2wS4+cAv8o0qpwVetsFIJ7aKGxSv9IakJEtNNWeq1FgLpxs\r\nfILB/es5/rX0iXVyEbOL0zoQMLvJnmm87HfFJqfsZPG5ri5kufqqCrtG+EC2cRAwiWc2jUL+LdJO\r\nJ2lK7GO+dVHD/yKsqZGdq/tGoBeYO7ovvhGXHQ==','','ebb48ef317ed0fdd0b1994ba80ed639f49d3ba1180795c8f0cd334e7f0af7bf3','Responsed','Technician','Scan'),
 (32,'naveen','P93148','D21727','Radiologist','Serius','base4.pdf','application/pdf','G6458','114063','3mQOpCGDm3M2mWdPZZG4C2HWDJppjHKFIrfA/Er59skGvwMuwIq8tWoz2mMdw6mKZeiYTjRh8XLO\r\n3fy11y1XkXM4e4w578XGNiEoSs4YXXhYo6Vm/uXROd9M4oUhrEfM/kqDSELyi7t5pn3pf9SEcvmz\r\n6jM4denql6uBy9tWyn5fxJJlBmBsWYNUg+1Aixo41dijg5YlKZ4Faax76WQfZZYRK77LY6XeEUap\r\nhMHS7ozEP5Lp0YF+BYgR27eRomn6UW7q/XS0a9h/ZO7u7GImHAvbCz2FOxrxyA9llJoBiEwkML+G\r\nUDfoT+ddh6G833WGxiOXjaby2hCPkYTip+cf0FMZvajTrzXjZrz+et/07rWU+d5tF6AOc5e4mmOg\r\nPo7NCu7cu5M5KPhatpZ/h90ZGr0gxdBrZOnltixv8ju2GYLo+Lz/zRRcOv4infmHN1krwoyXPJSF\r\npsmlLfy2X3QBdHIj66pMa/AxhmxOqn/IKyAFu/5Sak2SQaP9T+CCkMp1hrdBdOV9lx7Ske99IGcg\r\nGdDCGEh6LsihVh6hczXhP50oT3BU2+gowgKrvEF+lU+8qaCR/adf1yucdV5DlE6afS1BXR9m1HhM\r\n5Y7FoM5+NGFYFDB+Pr6wWFzQ8Ca3E5BXY1dRqtK5hc5C+kSUOGQzwCjStaVQmR9BY70QewEjoX+1\r\nMsLMourP2ebnZSkcqz/VHHdVFg9o/BQkheBV5rYqHQmgI/7/vhzbUMyra5CVIFDNFUFXkNyBrwAS\r\nqv8K5pxRr+zCfqD/Zs9uWwOGPqIF8M04UDOk9Jmp5ogVDujsAopopvUv0IKQIKTTyWB+vOsvQAWH\r\nQ8QscFntrgrs8ohpznosxm16KeEQY14q9OIosEkvxtFEILJoXx5F+hwVxKHY/m8iST237e6FO+2A\r\n2hCbzhKCiscGE6fhptg68r29dNXuhGxEMn9t4fH2vklU/WQjKtuJxe1Ftslt5iofKmzIQapOEG/6\r\nbYZh8zDe09YcC6om9/u7RMw58V513j6XH3LzWQ3GHef4GuhDXoDzldP8ERvqh3chFewFBPb6h3jQ\r\nLR3c8CevgMPfl+JeIw82uyKLFDRPcFf/FeuswxQSXd0atRvguPY8uA5PFttb2oVyPUYmdfC0o0Xi\r\nfyxrnVOUY1TerKp/Mfw8CRkTfgH+TaSaHNQZur+50rOPnYAr3dVqZK03/2jCtT5WmjD0nwutblRE\r\nwOZkC/Aq2zn++ia81s73jBZ9YQSGRc4v9IhSxcxz1zaY/Iq+Ho9X9TVen2S5h15K4icnKi5WSgLC\r\n2Vfg9pEfVEk20A010/d8s+kcGS+mKcMsLWdCGT4EMjxfNw/OmD5i4dK24yH5vJGn3yDSkpd0naSF\r\n6zHtCu8/f2HIN/yqJYQEJa1/bFou+paZpigI5bE5wabD1NNpZfPsO/khardBBGrxNCZLhxggHSfu\r\nvPNTxbFYINC98WZttLf5MOz86p6YNoRLvSfUMKv5e5W+IoLiEOUbRfqRbrVtsqmBKcytR5j79LbJ\r\nRBG/XbcDHcUsuH2DCxyzzs0y2/FS3qP+3T19Jx1fV/3QDM9NQCHSErI5Po1lBCLK9REL6hx6VsHl\r\nb3LFHedYn3JbZutzCJ3FVKoESTWodkcf9ApxbYnliqZhOZDQ8I+o6sQG383OUuqckYjt6SwSDDN9\r\nMwcfJsb8UBOdjiAJ+F4ybKlzndjqnI07mir2P4nJF8EEcMSGIUx4C+g/Dkd2LyOSFPeIN3kEHnpp\r\ntbFZsRCc1K+d/ZMbvEaLdFp2wHE8crHn5KZyLDv61SzueFT8bxvlUaPBvpcFUOeYPo9o2eXCUMLD\r\nMyCuIvlP6rQWZLawyvB66i9iTbXk0GMwsWPUDuB2zU2QTOuOweL+NSTz6eEm6EDEdvTjI18JNWbp\r\nEMFZ4P3aRLa5qA9j5ESCvx9nWN4sU+LoZJfIj+FMOiW+R+O2H9Wy57vKZwdgehlE/AT0Kd7okhO+\r\n05aTyQse8s6e6jLz635Fw+yoxodojumcstT9XX0LUmpKp3puMsctXrwWkL+l7xkoGlgIOlfFMKy/\r\nt/NAdsnzlvxySjJIP2K6lSTZPI561iLOm+xGU9XVYbO0MuEq64Yq3hkLzbFCiwwfp4hj69jf69aC\r\nuNtTMACQrvUD0YSP0qdYZIGGo6mv/lbnsVeF8kcrm/n3WluTKnmQDv2KnYlux53tZkDUsGmaNne6\r\nuRVBDXtTE2dJB95Ah8DEwmMIekIl3FkggA0mFYTicUfXpBcsezIfQADkHUJ0fefXTdcX38Ia8QEY\r\nGsLZmhsDbUoBGVoI017SlbJNa71DjA2gcI54QUzHe0gjDUa+BZMTrqZ+Wb/y0Yr8ZxFFL+/dXXXh\r\nuFzfQbabgarU3T4LwfHbfV1Wr4Y/oQsYUmM7HwDurwlZ1/Kz7ymlAHpmnzRZUtV6UtQPFBlmWuEN\r\nJJ2ff0hJL68QiAiptCJpogh4DFcTmsN7mEuTbPZN/T207EFJsDCT+SZ4lSQavL3ltdDf2z3tjUIE\r\nDPHJKbtejHrAAzpCOK8toApD4b/k6VZJEGIoSmm7EG1RNQ/tyTnEiUKlebr09bdKu+/rMdgVfr5r\r\nU2R6Jq9ayrl/uSZz2fiGsItZ+wa6n54LSMVa+Z1jpi+js7kTXfMuqW7MqAkvOrgBAPWt2YQgAQ7Y\r\ntvnbFCM7SaoKDNAKGkDvfXQ4ikp7OMqqlcMbzHtwHAdHteoP+J+TqVp/X3hTWc/ykhXqnsyR3NUY\r\naE9XnaqwW4tgaNDVkChe/7peXBloK1kab9IWBahF7qZ7tqovSdgBU6j/6mvGtFLXxXVDQcw0u1DB\r\nFOxwRXQx6LM6wRWcaeNDiAtTmmdNX9L1Y0u5HJUcOYar646M+ffw4vvF4fIJm47agfdtXynJawe/\r\nvkr2oR3uCgrYgHSEYHBfnd5Ae2SkdMl6O7j2ofR0fNqOLghTHc16obvqorIB+RbSkJ3CXvo2rmqG\r\nyXnG4zIS7lqS/pFt1gFuCCQsoK3rnLFbVENE6Q8m9OVnqv+acZRDb9UJgnBhjRumXTgYECMNH26m\r\nQmWuwBsrD6mdTvjphBHlFYQR8NSQ1XlHFRDNw8ewPDprCAtWRDKoxakpv5z0KehvYgOrlU3hS6fh\r\nMZrsz3PRddSJabMHfOuj3GBpSqKVaLge8I7QZtPwCkLZOnNSBtXW7aQsuPUOfDVgOI7As0awUxn/\r\ntnLmqT1t7BN/IwIMvEi0ijfWbmCyvDGMCSA1xyz4oTSV5Xzp3dtXhgN8l6DDnvP/ASn8lrFoXueC\r\n87FMD7iv/nqn+juSuqwbxxERYzPb9rYTvfhess3Tiq73y9Ikjh7aWHBe2vvb/JsDcIPilcuzw0ba\r\nCoVWnDq+ePVlZB+T/JkxsGxLxDH4Ur0NaubygARkANO0WiCGfYzxGCaUsO1c6aps6Gpd8cMwF2Bo\r\nEE+YaeEwWrPHubttCsYmrmYMLLN4EsN6IEvU/cgJ0mrA3uKo9lgZyfy1EySDkPcNcc4LJd+c1ijm\r\nXN24ogNswLm2jZuTFFoVcyWEwo53Aj7owa4dy/l7E9m6VsVcVxc3+YZ5nvnmSFzRTC//ZeVhNrGL\r\n0sTqsNw2CH/xfmb5mrhACkUDXzw/np/A/hDGfOXv1kDSNAdngP4nxSp/vmjU4G645aBgkchQluNq\r\nMYwJIDXHLPihNJXlfOnd29iE1H0Zj3uWb6orJePrA2IzVAqJootl1HTbFKmKdLAg','','59be3d553046aa2077bd96d77b5a65413be444cfb4542fc13cbe48c0845fcd5c','Responsed','Technician','Xray'),
 (33,'Vijay','p96457','D26788','Cardiologist','Serius','new (2).pdf','application/pdf','AAB93','718747','3sQIZzANFkHa23kxMqqfjPAdkMXr8vtFtMBv0lu51ey31JZEOqf2BLpi+DFFj4gH1fs8DkOfpY3F\r\nahkQYMqgVbkoWZjIZ7QrL72R9PPqwAwu7WpxYU/6Ev0ytcQBjqdQojCc+jXk1P3RNy+GvpSzOVON\r\nN0QHFkVHyEvktySymRRyx01ogYHq7cKe//uWcZYMwT6Rc1FyiwKIhiOnRQqhsfDGji9iod5nbEu1\r\n78c3FH7rXNRakjCHaLLOYkVA0vLW5O62VGW6oqrH55sRGZ9kaH4f0Y3KFVFh8aGS9/VqLFZd2hum\r\ndrKKRoKi2sTb2q95qO9NzTVJZSEZLapC+0zk+kH/fqhoiMUu5qMwn/N0fWHaH1yyqIKLKiXvHV/X\r\ncXB1WXRgbsSdHQ9erwSdCFagqUTFA7Bt5GoCw6lBXHMA+J+TqqwqWvr27sozw1vHaX+HCWin3buM\r\nKOVsS17GT4eQZSpSNDLtKX4gQGC8kZLDwTmxsTBkVsjl1iBS938chOfC5NHljkU8jFnPUxpJP+Na\r\nf96aTnwYhyuCppWz7VoSTkC0C1JvK/wlX0DparTLZmIST4czl9Fu3UVpKwAyWdC7ATJqsLTv+WL4\r\nSw2wga6ZSc2epb6EVuybcPBLU6WD+ecdB+SD/J4tc/cTkvxNiKsa/DbtZOAasUbCSM/LTvStAqrg\r\ncbxTg4FRbo0OYLIVTiOQM9PITTLefFfoemoeAzp4J9ubOUytlnHdxRGI8TX3/ljH8wW2mVIjH9a/\r\nDROLhLn8TDIqdHMedOf9Uq7zRb6Unby+qpcPCAsvoRuS+Ls4x0DZExqKQvucQUkzgrMwmhkiQWju\r\nT5rumXwjZTQBq0nRHTFnZ2fHZxZoSO+FfbHLkQRnLuyqd1eCqG4i1C6zS2EQmRPqx02XBPJD+AtW\r\naFbQSG2sIdnRhoH7lu6VNCho05Mwrp8sNjl7RysbMIkowk9yuedY5xxAs5Pxa/hK1D6LSzvrUHXT\r\nIlQ2QSBP/QOk0AFXfgC839BbZH0sEVNOwSB+P12wK0w52+6/I8SDmib4nJ1tlaAFUud21Pf5ffyh\r\nNuNX3BhDDh9Oc5dcdfGd6v4pPfv9yewqg7zCPhaMezwFByqepUViLrKy9KoCrmenC7QcCgic/8B0\r\ntF7u8J6cgORAKD6kMP4H1TotSM0vUsJwcwov9ZAczPth1UTmxX/LpRPZUVwTDu4BHsLYoRR3pt/k\r\nWcwcIWJctWg/hhMslylDNfPWCj2SBqxAQUQYLO41Qjyw/FS9wy3+P+UNZxj3p2yYoKMmddMT8BH6\r\n/GE/eSl4/uAm328NbEZHg7cq7TzNIbFZrcdxgo5hx38JNIU1DHnjXDaHn+bD702kK4O3Ons09NI2\r\nXNJgnql/KZsNJIM/H1dFrsKVPhdIeqCarqBULfv4TQNWx6A0QwuleFHzcQK2uKBcYiaZ7tD7shTA\r\nbMXgACSpXedLlR2Z2BQtKDE7pcAaUzVyPonCyaGyRt8+9wuKI3aeG3ArZ5JgodfUPreUtqqhX1q6\r\ntA+IO0r3FFUKCnN+bhbRCM+zqc/fZPnavGnjgoC6diix/EfjH5/Gy84DR11taO/xGDXxjLC60uID\r\nvNvSgQinQcWjDyYgqrOBtbTorFDi75iKfx0miZdfdjTRKzJSpGC2H/JoPV5TLo0Qcz3JI8TbR5lP\r\nI84cnxpYXNCm/1X2ulh12JjiTjEOtkMH/V5fFCSbU4bLB8Zk44665SP9V8KXrFy4xhRCXUMDgFgw\r\n8ctpPrsiBP5KfGmXwrygEv6CibByEdfpi1ci7y2VKEKJOKMb7NjMNVxLF08usKgEG4Hvo3dVx5SK\r\nnZrJ3W3VAr0PatYAHI4ic+cYQlhxK7EcKI/5hPZK/xzKfqZju028WHGuL/B/huAALI/N1+CG4Uyf\r\nHGPt3YusIW6pFMagtI8BwmrkKfJX5qnYnZv/xO/qI5o9RYwLoaqaTZbgBlsss8ymoqFt/90rJyJg\r\nSoWNW9t6Aq3fcDFJWN6kx7035+pi2wCk1yvl7Xiq1biqg2cdKHaQcMtUpx/bgGkVrz4MRQ96dMhF\r\nwgRHOXZyL5Af+8qaSIveZO5pLarFwkdG0PEr4koXNryAFRNRLQyfT1VSfAnwUMLA04bB2H++zIxc\r\nPfzjPElVluWN2HQWzIsL98ZuuDL6T8cRow9Yv3ABwT8vA9qsxTczetQzZL3MesgD+AyJTN/J2j4O\r\nhYWKGESGg7TTzvOnXtfXedPhv25qlnjjc7yIAxPxJGwArDmS5gb5lBUA8IOR9OUSs2xkjK+rYm8l\r\nVYXOSs9UjhlHQ2dTIX10mYkr+IXAgZDziTtF7O2xMSA2Yk96xuh7Ave1XWh26uRV/cd3VO8aiIqz\r\nvoxZobOyitSWfYIbjMgpmC9aM1Q6uzzBskanbtGfPLq/Obe7i0J3ZwheMIuw4GULwrsD7Uh045yw\r\nGDU/UGYuCUcYxu7xjFCH2JkTr2nMTWXbCzw+dhSggFBa68bdubwieLgEZpyFuVMqEwCuv49sJHfX\r\n4ZW2ep0czPAUVI3647YYqQ/zDFWZb2HXGhcB4GuIj5jgfoln2c8bpGMQriLBqq5qBXIXdTIUjhpa\r\n0ejrlbpLfiQW8oJtA23/+gR4ar7UL/L+4q4XpKTozstoI1k446KX6r2YDAcroumaWGLvI71Q0rql\r\nTQppXsiXqqUMqQ36K9m16lV58oBGOf38pbA1JSQ0qYOtTM+sSg2Vz7vlGU8MkLzGq78fIHzDYIY7\r\n8nHeyntKl/4xloeo2pf9tt46yc8XjP8qTjfBofkdurvujLJdUfxhLq2LN1LMFN3Ae9irFr7nUR3B\r\nwU6kOzUlOeuEWJP5keYm8Xx6kJ2QnLxwIW+pamSeVySQATqsSawQ0TiXv8KK48Inc7o0J1g7SM/T\r\nRA7Zw0AmsJ3yNBIha8Tw2DsqhJrRwWXlC7atGkG32chqYm8jXICGQ0Xy7VD1o2oESD9XQk4K3PvT\r\nnEVY/yt1zZt6kwTjYU944mB4mM43e0IL2D5yrD7/jro4tSADDQis+HwIlcepf/ZyIGYcnJIk0ihW\r\nQRcewjmTfyLT/qO5YfiWIl1OdEQeGGkmc2Sfkb1htoGuH1vz4/cu8YsCqkEFJah42wWH0efUsgTq\r\nX33ug7bCjdbi4Wbgj+++6R7ue/XIBtv/je8U7eZZgLLjCiB8C8PmMuTF7tTRFGCK60YDoHlg8JFc\r\nMteqYMRPt8u7zThKAfwp6RmVbscMEeguiLkgxGdQUJMWkIfJsK7VNEimRFCVupz1B6K+7/XrYRLF\r\nqA8xARGYNJqP65grHAu6YasUNfO/JdFtqD7po2FZyEg3AzVgI/RBM+annP9nmLK33wg2GxxYo/+T\r\n0v+rhNzBWIrvT++t7q12FKu5g6Z1agxiAU5numHNpbnobAijq7HT2CP8ockyfUA6nUPhFvYi5TRd\r\nlbkJZ9u/8FjG+kuB6hFLvCDYNM7cImn4yC5Ep3/TRKbJBKDbECHIpBdXHy5/xysqclluJua67OAP\r\nexyN/B5bHJyoyVMIjExdsBlu5pGSPwMbQ73CCc9IajBT32K5bT9ZWbD95CFP3kaa3F5vQwKYHkW2\r\nUkdfKlGpyhcecZ4Ppur1zLNJw8vVmwEMkRWPkKFEu4Kfvmmcj6IDjXaGIu+i/ciPwkQdqMHL6Hnx\r\n0HcSQvvEZc1zsTzr/GRjUGti9AE2ciVibflXlTHo2WGC11j0HyUyLuIfNffIOSUbjRYibmdMQofT\r\nJp5BkrBdFzi+frTusHKGWuNm/zHYkcgF1LVCALVDbM0XP1EBk3QM+gFRkSpM7jFMSOpFNEQEAeKi\r\nwoBUcZbWFLfBRv7WCnOA4OEe20b/MgjHfz1cQSn80G5EJTW+8lrR304tysXhbk5uH8GISsrg61nW\r\nv+lRzeDBScYjeIdN1MB1pnViNJpa0c68k1ZW6qrABbg2PWnyrQzq9H4JD2YKFlJ/zaGNHsYNq3So\r\n8Gg5RtGXpSMa0+dAx6vu2vCu2MOR87ILZJrBxloMh9MAu9uczsNG8HBm/lJPsxHpUSWKS6Xb4/aW\r\ngrhItevpRlbnAhofy8z+i2ofyL2VE4mmbW5pdSNF/yX9RAFODEIsPOBTil+nwOkPb/d9t9b9MYct\r\nebm6HQSnvW8K/2kbCBDQNvP99dqS7K5Zcbj6Hz3WEDibNY0Vl+t03g7GKQtwbAV5PgSispu66KjH\r\npg90ER0HuaX5x+5Oe4QUQGkLLNEDY7tUxHl+fa/+BUrIpLCeGRRq4pJ5o3+2KpyLD6ql+pX5yD75\r\nsmkkaTG/iASjROOh+26XH6i3obGXvPN//4K4rIvCM78aqchkhMkab6km2swBbkBP1jgVt4bVKjjp\r\nerCorlG9Vkv7Fr3DIM0a0A/bFwfRv0fxia6a1lLex0sLGXIm4Q+FeQkA2OXGpbYCEGv96lc7FRu4\r\n8tqQqqitGKF/S8cjkgNFieV5MDJu1ALEFHz68zYr/Om1dijj2cUwmxYBlYejU9WoiEonwYrcWogW\r\nTzZ3h4/XwYdt/zUA8/W54CXjspSVy5ma/UT+dv+nubzAbX3QcdjqNrfvOctZImmfnNbiq1bAR2eU\r\nAASlA4rOxLyK6hMrLkcukTJcViduXp6E1qDLQIO3MdN8vHl+oYOONiWA+UqH1Q6NRiI3gOkxVHbD\r\nW2m8SX8k59dohjBOrFTTvfLgtGURijTaZipdCC6EUA1xFeRZAJ5qwDXjsPR42jAyb/zIt0vXkyQf\r\nARx+xAlAPI0yxYJlUn5jubEh8QHhJEYggz4DPdyLMvyOphmJjRNdSK2YDSNRYvD13nu4Dv9CMdEu\r\nLp48QDgKm7txgKhvYwSRuitVD9yxx3xTRH9vaX10KH55B8XKmhkc3gBP+v/pmyK3FcK380+2DcKr\r\nSGE+wWyTdfps6v6Gk+JXNqC+LX8bwwNJxH6Q8xRVkRZRYmwAXdMfP5dmeHBRxjtzrBFHbzL5+Ypv\r\nyYAM6E/edVLwiy3O52MDBfUi7jPoBPCIAi8Kjh7JKlZX48cDEj59SnptQbeX7DJuGgiPcG9iPqQJ\r\nqniMgNgrJEcrtZ1O5REsEW8JadLA0Q4mcLYdcsxBu+4Gq0tv6VnJ99jURVQ6wfexgToPJvn05P7x\r\ntrFX7JHcqXXu2uQ864rIrWlWb8OB4oMJB/hh+YV6lcqA2sTHDWqsbseePzE1Szi5e+SHJ0ErMMKA\r\nFqWB9Z8qs+sEAyx81tnoBGYR5yH32DivNPzDZe+WHgUZ07c4RrbFFe0E/H2sK1D+rMma0us6lHaN\r\nTKWE9WpXMZNPJBsG3hPb9HMj6KorrJ9W44gByDl6KBRFQDnzmWUe3dTFBplEmZlaYxSvDxg8pfyA\r\nx09tD9N/faVjZ1CjFBU2En1fGjCK9mLE9A+SFOR1PyhDYA/LGaN0DRcAqSOua8JJN4eGkOlNADWS\r\nPfFHk6LT7v2Xz3R3ndQ+ivRMxe/bASYVpTguBw+WHDObrXKHupgXkIWlXNT00ZVser+7LiA+yycI\r\n/zRKYHLAaRtwHGaU8ijFYm6nB5c70BDqsSnFAK2SRV1NYwQDMfmtUcF4ArkKmeL/2t8J7cOoT/RF\r\nhYkxnPE89CmpvuLAN77vGmGAuyOyDlOTr+FzAsDht/F4L6ruQyuNWENJrLBIF7tSJK9oHU2kaeME\r\nV9+TXxmjYfkmEfTeX8POVjcM1rQY1MPpX2/O02zDzWPe7g+9DzR5SvLPt8juz1icCvILf+DTPe6A\r\niQbabcGdZ59rWZIEHYX5bWHNGagCFIerYU3GvnsTe9AyHmKq3HILvFZj/Gs1BMefFWUjOuvbajH2\r\nErYv+m47IE6NkWKEP7BSG/FmTm9UT7D1VqyluT/2ALxmW9yNDcUj/P17/1VW0+JcoYgFPMYAjuKt\r\njIcuDAoEDCXO5LMmymzH2sIvF8BvhIrjmrZTFZ2HJVQg6SqA8D2e6Ath04ZWOkmxtN7S9EjlnNN1\r\nN0UjyDPydOqmjQUE++nFh849U9D7cS+rZbU1tuXG/8RV02GNnAnFni0ufQ0CSuSyLOwfovUqT8ty\r\nIwrSsGDUtqxEbJtexOBNZ5Kh9yyuMfZABDz4kQHfPvMMJRgT6rZNpp4c270p2rGRIfkX4I9aG6L3\r\no5nlT7A65LP36UChudI8UDj35+a1JImiHcEYsyghoUBOJY9uq7TXzt4FQBk6oJDqgJNRIUG/5KUD\r\ni86f0KSV0sH1Mz/L2ZGlyDmMdbSgBkTp66yXK+mb8f7B4tLPnaQ62AkwiNI69Xybv7UHL9AA58kY\r\n4JO8x5dynK/u5aSurFRh4fW21OfrQ2wS4+cAv8o0qpwVetsFIJ7aKGxSv9IakJEtNNWeq1FgLpxs\r\nfILB/es5/rX0iXVyEbOL0zoQMLvJnmm87HfFJqfsZPG5ri5kufqqCrtG+EC2cRAwiWc2jUL+LdJO\r\nJ2lK7GO+dVHD/yKsqZGdq/tGoBeYO7ovvhGXHQ==','','027c0fa31896c362d86b5dc3689551e51b0e568c70c631a601c2dcca5dfc2161','Responsed','Technician','Xray'),
 (34,'venkat','P96457','D26788','Cardiologist','Serius','b5.pdf','application/pdf','GED15','1277002','OuDHsHfCe6SVKJ9KK8EfYS9iwpixk+gUm5F0YrQt+cY=','','189056b95cef71e2abf1bbb135df56d166e9ff5b7f47f78a3d20b1e3c512c42c',NULL,'Technician','Xray'),
 (35,'venkat','P96457','D26788','Cardiologist','Serius','b6.pdf','application/pdf','2C1A9','357208','rPBpaqnuElBAxtUw5vbvTEEl7vV4pWEDeT0V6VsehEXIOv5dkR25xUpKKQJZV37Ijri5kkh9qx/i\r\nxRp/6X+dmyJxJnW03kXlKPaWvq41U6ilmEQUrL2XMUJHo9d5Oq1bqVO8Ar7oQbXLDu2YKnvRJr6y\r\nYBaIZ3CRGLhWDHqRwG6sriA4m1AJGQJbDTPXlfCWV2LDH2wgds7vHGYjaT5Qo+HMfl7Zn1KfCkrj\r\nylX7KvY1O7fzlERw9uNVA5FMLtw7JctPEvIKx80W5Bw3XebJjFvqIMmserWO+Km49ryKAPtA5Q6v\r\nlRvRMXZ/TRd1rLMTA3OnryapB7yMSkLvIzkGFK1gqy8Q7X9mfgb6ueCXlE6o7gFCWZuLlchByJ2D\r\nMRNoe1B1qM/j5frghY+iyB0FdBz0C+KFBiDwsy69tewilNMMA3n1QstNsOEfIvo9JomRIzPLil9y\r\nhCfdlOoTAqY0I20VD9TyQF5FpincwhGTVcbAVFi2AOKi+bDp+DqrucSOfKYhpGOL/U5yPKHiDGT6\r\njIQyWda1mpIZ3yfTeCngL3bYKSZVtj+btPbHFPd/2gIxzSA629eQCgVab3BM6hrPP4iDsE50LEtJ\r\nSHS6z5o29dyh2FRzz9E5nJMIFAE0yY7d89Ev81gqvy7uZQRTPzsYyqgDZUruQw0LowBiqIyDZ0i4\r\nxfwV70jjkJgsuMJwMZqvUMEBxXf9n6Q4SH6VelLOiBGB4Gkon2m8jMcD4htDFwEomGe647QHN3q9\r\nugT2q1Ojd4u65XbFTzwIPlD2jjXrKLuaNXQRH3+LRbAnCuNHeTDkQWWGTwacxC4sC1Op8BSlr9a5\r\nDoEmGme13RrS1+vb0gavMy3r6XdG4uElN33zI8MbKdagkzJhzINmznhokc1mESuKkURf1sDRAGoq\r\nvfbJA9DzeWLw0d370M6O0ayZ6pAv9GGHAUQYRcvVO2cMmCN7b6CMz7CoxLM/jPjeycUn+1nEC2qX\r\nArihJqcPzFSHNMpYtw1Db5cjU56+6ghmLkLZGGy4Wo8q2vQ/ItNan6fuuWhyCTTPW2KwNVKVopxj\r\nkMiIS7TPp6XcXDmR6KRrHvfHm5WdeyycIn8UOsUMcuAceGyAZk+wRTo3ydHJ69Gr8USfe+6/p/8n\r\nrb13otdKaTC409Dmw2Ul2BweObqBUAenijV9QR79JXEKe9QGBqfX1ELOWY7t0BYCJREoyr2Ns03J\r\nZXAwtjaOa8yFvgWeYd/ZUPC7Ys8nmowpvj2nvBS9pbbaq9VArB1Hklc3G2mG6LZsyls3saYRzLg5\r\nt+B3hvsDJO1gXb2wDkCqJRKI5hpK6VgdwljGtBBlJclyQfN8NBgvXJP7IuutNMTfnbbEMKNdv88T\r\npo/XXnGE51yULT2Ot9zxOT9nsrEwNbKQSSM4sVX/TQN/vgbZ4eSx3H5crJmbeuZjR/9TdL8qN9ch\r\niMS9w1DUN9Owzkn34NY4M3o5I2gNynSQg9PJqsNfdDe9+3ffUjPEcqj0zHQyrBlnIA8RMrE1OGcG\r\nqSHKKsX9HJaUB2flodEOxG4nKqU178L6ahgSJHmrvnmq5Nu65ELAh1H06lG8oQd90FjmIZN2z5iP\r\nQDSVMepvRqWBHPaPXRRP7cOmdW9sueL8MamCfwJY73tUTVuawftTsDVMJem1ebKt/2iGOWg8avdy\r\nsd3fUO8czlKfE9Sps6+BLotdQn5L48gqdOyuCB2j+Et4nbVAilvd+h3eMYIQ9/VsC21qudfALAYF\r\nRWTDFjFrvAPQkTW0V9olnbPbV9IjZHcLbBxvShlciBvxzaE/r1ddXzvOY7eBIXsI3uzoYRvj1O+5\r\n25Eqo0EktfPRAUjg5BhoN36QeUQi3sAKUQWm4u7nq685V+lkB+dLKy7RF0QD0hTZXicOV8xEmXHy\r\nRB8tC9EppDS4upFkbJx+nCLF+qdcGX3ihK3w6VCqPE5S8peZ2vg0Ka+4Ez6jOUpKghsxi90jye5A\r\nm6PD0ykWvIORKXqqj+n4CAzBCS2hJ/mcTu30Zg7AwGCghEH6bqPTx8MqlpgUNFciM1BTu7W8wDsA\r\ncUP23wIlrSYB0wBCEBgLlcV365RiD+YxrI3JWzuxuMBdMJ1Mc3+lyIEtoopYZvXSvbsyOF6Nqohk\r\nXxC7noG/+JVkZs/pcneLbhli6m96ONDygsIDmtLiGqsDwMsjvKCNhrgs4h83y/IMl2IJxTJsZL4G\r\n7lmboh7m1athhQ0Q5ms4gRzGmaQPqf5Fo3kO9bJoMmvnSVc/tI3sKZ3WzA4TC9oOojZJpaHR4Z+r\r\nly4D0YEBipVu4SLKf5h9C1JLnVzm88/kR9lXHn+xPeCwiP8xFeAxddiYKjsD84uqoFKRkKu3isEw\r\nt53KMsSO2VBmQxKwhkpnqE6JtGbgzTZhJJ3NH0Wdc3TW9x+CszFCmAahAk65KWr70dqHp2dpK/K8\r\n1n5CnvArcHvR6narobxr0T2Qw3uQzQJ70H5sVAKid2ExIEQ5fLuBIg4gX37w2F6fQo/IkiKJR/zf\r\nSckQ/+P8bNraMjmZPCioN2mn94EnxU/J8RM+tSiGMY2EfZUmjn//3n6/V9CGMLS/2P6Se4SDe923\r\n6w1V3/Bp53crcGiuw2yT4L7ji8zI3nem6lmKR2yJwO5vp5Gk3SV3FXZUAGMtpzCgwBZ7rWEEeHfe\r\nOMdfxLcgVI5+vD694Mt1kOosms/12TDv6qW3Od4kaWNfcm5khU4oHaAB8PpazNQx9VnCSAOAdWTK\r\nz9YAfOVXrH/Sr37ZkkeJbkMoA1T4rtN+s1fVtH/nc3DjzCsybMBgJybz4KMmZdF5lTc9H4sP2AC2\r\nhlO2OWEY1HCck+V75VLq5WN/003eXF+J3CVEXtUU8/DeTQ0DNvHNpw62I1hqt5wsxS6puiymRrEI\r\neC71Ta4UNd2O/pKwU5n602UaYzr8SFNi2qvmXmmfgDubb1AMW+slU2+HdnHNIiOeJGH8g7OTaOfi\r\nOG3/psqhTNeRue5/2UMdIceY+6j90TXcaZihvca4HKgdymIuiKxfaMExRoKCxAy+zCdJqZrAoAfh\r\nA3ICfjP+NIiIQrlSzVn+gGd9G/Rtd6YL+sLmRRMDInhZ5hEc0dFsMI/D9KSimRx17Q/cgIVSJm07\r\n4ydO2zwKVhsZxuUrBv1/IDYx75sjpol8Yra86NespGtgfZOiW7D14xpaW6fYA8xW2tBNP3/a6eJN\r\n7zSSr869dA5Nh68q+dBLzHAlr18h5cVEBt5Vswdz7Ukl4v+IZi/4GGWj/0ILlzLBOp8ka/7nLd7+\r\nCwENmOLVlPp6nSfnsqBRvWUmlMQcGjL6baYYVOBexUqPAlNRm+qMcmGSvu0/sgOSZzsWqG3azGa/\r\nthxWR/Hg/eWL9WTRtaVgi3xyLuPWIcON0cj0znwFQgB/u9P5ITb9dqGVIWbFd6pvfrbiBU3HpipZ\r\njxotADAsKbm10STZJEmQcAWmaYHqckawDTrfYQJMQEKq5w/v3RK++f5F35yx7N4xGVYy517k/dJ0\r\nG7Dx3fKRRxcW5yjIYN8RGmGVki1PhDQqhfcTFbjwtDBwETMN4A7560JpvlgNwmj7+ks7+etBaIrC\r\nTSvLUshoLv8bMWXqQqC5NS9vnZFEYioiLI6hBjUtPnmH4/lY65SjiWUCawfxZ+7nYvfKIrqa0Zvm\r\nTS6Ms3Nj0pjZhq/iE1a9Snaor4rRlXR8lDT/CNFJhxmeOUt4qaS7x8vp/BScUK+lDG8E2qAc3xRE\r\nrsF4OszqssMI4V5Rko+bEiiiH3ROcKWB9tWBrPTNCUMPD+SSUAIkHxKbeDvzgbsun1ywJoRtNt0f\r\nbeemxDjhd1o1lB7pnKLtayXofDgvXcVC7A+pfBxJYde4QAV5jqrZYzno0qVRoiPvs+YkMY353JNF\r\nSQkUfxSYhPdX1o0eHjT3zOFJ4GTpwYEqA6fCvmT6Cfg/YQbLTm6jOfR9I0e1nBh9/Cm6AdCUDwyi\r\n69YnRwgFCNJBPHPScI69mCeKO2oniws5ahurW4/a665Gt9hDtl44JPTilw5cgOv7veSio4DeYQwS\r\nuo5I10W5ELT41CBFexL4GEQq+OrQpncZITOxnbSphURAf8XfnxXD3vJ07E4zuKZiI8MioUcVzWv0\r\n/j5/utLWYe9zffgjvOq0jYdZB7xAzv8uY3Qg09839D8mQxJnQ6a0GQ0k+YMdvhtERrUpavNPiaxh\r\nepsu+SPbh0ukxX1LSmfN+m3y1iyQHzyc/XabztgPx3sjkt/2CdZueEEblfKNIzd2XQZSzl7f7O3d\r\nAD7Kew/gdbshB/TDr/QSbbh0Hg3REVocAUGCe40W5fVBh/7be4P22OKlUqTg8DIepBKCR11I8jYZ\r\nNEr1xaCT0n84ya7qWjyrz++WHxWMJAwZG9562UXIlyHa8HMPeM+Ujp1aaK1GZNSg+XjQLQbvnxwZ\r\nZswmsdvqoW6Rqisin8q/0CmJFr1J/Fnxedo7e2Dqg+ZHmVwyBembofZIX6lxLNNlFAA9U1JMQULL\r\ncDZzT59MCb5ijHWzwfY5MYVgpM5r8H3D1K38DjKapz+ZWydkr1KD5eVwwy2JQIy6UySzbh8ell/w\r\ni0wT4tzJkxtY9oJJfvmQdtY4mCEoqR8XtgOWK2twQ6pvHAMRdyLtoq8jN8xSLUhIY52w1/ltLzhn\r\nJuNBrBYnd7bzMUEHSul7m7Se5I3cTSWH1DihgGRgD7pAfn6f+HI8WQNqBOKqOTfYnLWpP3MVMeVg\r\nYcYRgeBpKJ9pvIzHA+IbQxcB32tTK8v2xZlOtc2+gjzvOIeOoAe5lSdGWy247FnOzMHO0s102YJv\r\nMGtGOl7AirCXHHb3d72Tqd85W5652KOIS5u6jFrpbcFCB6ZtROVXHIbZzuz1RbSMufd9EXGvQaXq\r\nHontNt1EfB4DWA5L2y++F+xmfdRkl7ptmzlhVXuUDTcJjR/o1FJfHygxQwu+inTRMoV31asV038q\r\ntU1I55eIV/OOAl4zCf6ZNVTbMcrbdcw=','','240be6b14911e736e74be97aa42c0cd05b9b48ee9b5ef8e520d058a1730afbdd','Responsed','Technician','Xray'),
 (36,'hari','P58918','D89389','Radiologist','Serius','IJETTCS-2016-10-26-40.pdf','application/pdf','DH8H7','302652','tT0DOX8GFkFd67PHqn4CNOJ8lkOOX2IkyZbFcaHJbe1ya0u3JT0kSFNcLq/jEw6fzU/841kHQ5ch\r\n0t97fKTtKL0kGJX3biv2rIKBFgLn2ybWSBoTDFEQa8iBtBWOte6lhYbSkJziOyAg5+98RsFMXX/8\r\njjCFDgqnNLbWyKq5guhKNyZF+Pt7JwUB/4eSYRFv/xN+00Xs7D5DVXQ3aDqVi9uNJpt4rUYTWptc\r\nWLXs2nm3MxzMB5J1CRnJNSknD93F1ymPRU7S0x00YMf3j45GrNcpj0VO0tMdNGDH94+ORqzXKY9F\r\nTtLTHTRgx/ePjkasnMy7mh1801v6HVeZ5QgnyVYhTJUCn6TjmsQj+VEHWd5wUSTbfAqNT5Sk9zDp\r\nB2JALK+Vb8G6X4xN97Cdd1Dmls0FiMtrg2RxMR0VjdzjaY/fWFi3n83gMLdyksjnBf1j4SNwO4p9\r\newYfInj4Abs+gLS5zJhNMalKm/YevWJI+VKo9/y5aXMfzJsXAIUIIZJbrz+TZV8nONrSzav9ZugF\r\nvG43vENex9iFLsU2zoHDxCwrV+mClFJwkviBdaQ+7CgevDyg+q94g/SryPtDvuJuy0P93Gah+Nt5\r\nGiPbqqJvwlpPj2JpfPS95R1N3ESVE1UO7AayQuDCQNwTRG6P6VEJa+P6wlTc7E0P77RpN3T/a/UY\r\nrlnu3RBYOHnE2chph0kracGLQM/X16am+uACv8/tbovHklhS06ub0Yyjx+62MhiKXKNwWm2QQ6QV\r\nzSnULQBV/EheXWUeA/HsZoGj5SqntwaCGSbbVsPR/M8trNQq0uST7KHFdmpJX4nsa8eURhEFkiyD\r\n0Er2C+cVfKHF14WcJDynucOhnO0pw6EjLxhshL3n/tXNkOMk7u2DKUpS47iGgTvslGWAIhJQ9qN3\r\niq9IgbxhLvC8GhkhrB2T5UtXbZ5ypX042I/axFmBQ3/nt2GjpFUH8ijIPhRoLpxbYq/qjoqAwxeD\r\nPm+O+hK4ywgOZBLt0iBrPD8d2IC5RjOMUU1f+9GjNvaxEfRMtoCLeGrMRt4u0IucagMRyhoJVat+\r\nuulsZPDy+U86uZtwWFwiHE8lcvfGJi5d/6Sv/V+JZV86nzSXtsYugRmQOHppACM++9Ikgehi/833\r\nHLpfwT8YJil00p4JVqPJjN4iyTGgMHxxZWRvG/KCELsoxhGSr7MZAAtEbRheyV8RHZIcpNuKtmL7\r\ncv+I86/J2RuD5H7PHNXc1osekeVQr9vY5ysK1ik4AYzm2WUjqBOFuh3mXz4KUW/4EOKQ3EqTCWnt\r\no4qrsmiX734vw81KYWyqMaKre6Py+EXlgUTrrBU6NMYsweL1Lt1Qq/Tb5AlsNKALUawH2XVOlZXM\r\nPYMPNxe1mVtMD8+PUuGDtKTxeN3xv3v0wDO9tl+dGQGeDeDQlUxAj9US38OYa3iCnbwAsectqoIU\r\ndNoYlHVEusyXs8YamnKfeSrFaz8AB8jdFxu3I7WRSTXxIxzOy7QW2Rn4r/LeUw6kGzJePYCi3xMm\r\nXspT1sgLdHUE9i0BxIf6O/MXnzcQb+AncxPR4ok/R+Dxu330C+jS5+8YMTu6sYV2UBtz1qAyRzIp\r\nOksWppiSvU8THvi+9qnYMsgOdedV1au3etYAWOBHEfAyPwx6HrSFRHFVMYKpYE7e05+1r9uZjpsx\r\n2k7Xyb3b22Zk8xn08npBQXbo5MmiZut/EeLBQi5S6kWQWrbBQ8qFSy6Rxc6FDwavKDa237VO2Fzp\r\nQFqkDtCxQW26AqidkhwzpQmW+U3xI+uyW10gbK1z5Z1Kx0doUu1jJ29/XPITEDvZJ6SVw22sStDI\r\nVbe+L2+bJpyPEGu1CRM8ePhRkqmrk29dJYGQpdjQSPBfrozMIc7G0ah4GoalBJvbKsjnl+CVvcPl\r\niL0afs/XUNaF3Fp0sHNThGy3MqEMJhN8RbonpL9F8zXtCcVpz1WHg7CS2t0uc39Mcqc8rmcrpANn\r\n2LkPUy10+JOcGqhDCmCdgPlItZKDZfN9rVZnkrzEShPbPYezLbQqr3YR41xg7iuYAACAlsvGPx9I\r\nJJv7812ZQCxH50xcLRBLFGpn1rlINJvf+ua8q+x+EDtgcWrr9JFKWHfQX/uWaFGG04p+66sBFNX0\r\noRc3/JLD6fcMnu7BdOHYHCJ6lH1ywM4sdLM5KEklj4WZXZfbFfDevqPNK82NaIDMPzl3LoRs7KDt\r\nfsH6buCR5K2KpSnsEoyAkLjvI8XYjMPfd0OxCCJzNiBQzgaVS1yD51GWL2CvXVVUARYKZlIFqbTh\r\nSpPfbKkQ/Woct2tiKTji/ss98FhXNGFl3Y+IcqamgfdKlm4bTMAWro6OlzWBUE6SXSL6Wr4VsEk6\r\n/vj56KfNtM+BWYETWq8eQtkcPM7T49/LDj4m394B5PjHoHke+oM5TsgQ9ZN2GWiCZsy3DLxqGBDh\r\nb7f9XCi61B08/lWWABKzX2kN5exFrfHBFSq5OCOxiDK+oCp3qiAPx2vjTvqCG7Z84i6qT/8B1ctx\r\nU9CPIH/unqovdQBP06nUSwIoCS3nbeY0/84IYECUW8A7gYHi1LN61ymPRU7S0x00YMf3j45GrNcp\r\nj0VO0tMdNGDH94+ORqzXKY9FTtLTHTRgx/ePjkas1ymPRU7S0x00YMf3j45GrNcpj0VO0tMdNGDH\r\n94+ORqza9QwQ/q54n9yIwREk0mzS','','a675f5ef7522365dde90cbec3a560027af2065d8174561bfef82e7f0bdf83279',NULL,'Technician','Scan'),
 (37,'hari','P58918','D89389','Radiologist','Serius','IJETTCS-2016-10-26-40.pdf','application/pdf','DH8H7','302652','tT0DOX8GFkFd67PHqn4CNOJ8lkOOX2IkyZbFcaHJbe1ya0u3JT0kSFNcLq/jEw6fzU/841kHQ5ch\r\n0t97fKTtKL0kGJX3biv2rIKBFgLn2ybWSBoTDFEQa8iBtBWOte6lhYbSkJziOyAg5+98RsFMXX/8\r\njjCFDgqnNLbWyKq5guhKNyZF+Pt7JwUB/4eSYRFv/xN+00Xs7D5DVXQ3aDqVi9uNJpt4rUYTWptc\r\nWLXs2nm3MxzMB5J1CRnJNSknD93F1ymPRU7S0x00YMf3j45GrNcpj0VO0tMdNGDH94+ORqzXKY9F\r\nTtLTHTRgx/ePjkasnMy7mh1801v6HVeZ5QgnyVYhTJUCn6TjmsQj+VEHWd5wUSTbfAqNT5Sk9zDp\r\nB2JALK+Vb8G6X4xN97Cdd1Dmls0FiMtrg2RxMR0VjdzjaY/fWFi3n83gMLdyksjnBf1j4SNwO4p9\r\newYfInj4Abs+gLS5zJhNMalKm/YevWJI+VKo9/y5aXMfzJsXAIUIIZJbrz+TZV8nONrSzav9ZugF\r\nvG43vENex9iFLsU2zoHDxCwrV+mClFJwkviBdaQ+7CgevDyg+q94g/SryPtDvuJuy0P93Gah+Nt5\r\nGiPbqqJvwlpPj2JpfPS95R1N3ESVE1UO7AayQuDCQNwTRG6P6VEJa+P6wlTc7E0P77RpN3T/a/UY\r\nrlnu3RBYOHnE2chph0kracGLQM/X16am+uACv8/tbovHklhS06ub0Yyjx+62MhiKXKNwWm2QQ6QV\r\nzSnULQBV/EheXWUeA/HsZoGj5SqntwaCGSbbVsPR/M8trNQq0uST7KHFdmpJX4nsa8eURhEFkiyD\r\n0Er2C+cVfKHF14WcJDynucOhnO0pw6EjLxhshL3n/tXNkOMk7u2DKUpS47iGgTvslGWAIhJQ9qN3\r\niq9IgbxhLvC8GhkhrB2T5UtXbZ5ypX042I/axFmBQ3/nt2GjpFUH8ijIPhRoLpxbYq/qjoqAwxeD\r\nPm+O+hK4ywgOZBLt0iBrPD8d2IC5RjOMUU1f+9GjNvaxEfRMtoCLeGrMRt4u0IucagMRyhoJVat+\r\nuulsZPDy+U86uZtwWFwiHE8lcvfGJi5d/6Sv/V+JZV86nzSXtsYugRmQOHppACM++9Ikgehi/833\r\nHLpfwT8YJil00p4JVqPJjN4iyTGgMHxxZWRvG/KCELsoxhGSr7MZAAtEbRheyV8RHZIcpNuKtmL7\r\ncv+I86/J2RuD5H7PHNXc1osekeVQr9vY5ysK1ik4AYzm2WUjqBOFuh3mXz4KUW/4EOKQ3EqTCWnt\r\no4qrsmiX734vw81KYWyqMaKre6Py+EXlgUTrrBU6NMYsweL1Lt1Qq/Tb5AlsNKALUawH2XVOlZXM\r\nPYMPNxe1mVtMD8+PUuGDtKTxeN3xv3v0wDO9tl+dGQGeDeDQlUxAj9US38OYa3iCnbwAsectqoIU\r\ndNoYlHVEusyXs8YamnKfeSrFaz8AB8jdFxu3I7WRSTXxIxzOy7QW2Rn4r/LeUw6kGzJePYCi3xMm\r\nXspT1sgLdHUE9i0BxIf6O/MXnzcQb+AncxPR4ok/R+Dxu330C+jS5+8YMTu6sYV2UBtz1qAyRzIp\r\nOksWppiSvU8THvi+9qnYMsgOdedV1au3etYAWOBHEfAyPwx6HrSFRHFVMYKpYE7e05+1r9uZjpsx\r\n2k7Xyb3b22Zk8xn08npBQXbo5MmiZut/EeLBQi5S6kWQWrbBQ8qFSy6Rxc6FDwavKDa237VO2Fzp\r\nQFqkDtCxQW26AqidkhwzpQmW+U3xI+uyW10gbK1z5Z1Kx0doUu1jJ29/XPITEDvZJ6SVw22sStDI\r\nVbe+L2+bJpyPEGu1CRM8ePhRkqmrk29dJYGQpdjQSPBfrozMIc7G0ah4GoalBJvbKsjnl+CVvcPl\r\niL0afs/XUNaF3Fp0sHNThGy3MqEMJhN8RbonpL9F8zXtCcVpz1WHg7CS2t0uc39Mcqc8rmcrpANn\r\n2LkPUy10+JOcGqhDCmCdgPlItZKDZfN9rVZnkrzEShPbPYezLbQqr3YR41xg7iuYAACAlsvGPx9I\r\nJJv7812ZQCxH50xcLRBLFGpn1rlINJvf+ua8q+x+EDtgcWrr9JFKWHfQX/uWaFGG04p+66sBFNX0\r\noRc3/JLD6fcMnu7BdOHYHCJ6lH1ywM4sdLM5KEklj4WZXZfbFfDevqPNK82NaIDMPzl3LoRs7KDt\r\nfsH6buCR5K2KpSnsEoyAkLjvI8XYjMPfd0OxCCJzNiBQzgaVS1yD51GWL2CvXVVUARYKZlIFqbTh\r\nSpPfbKkQ/Woct2tiKTji/ss98FhXNGFl3Y+IcqamgfdKlm4bTMAWro6OlzWBUE6SXSL6Wr4VsEk6\r\n/vj56KfNtM+BWYETWq8eQtkcPM7T49/LDj4m394B5PjHoHke+oM5TsgQ9ZN2GWiCZsy3DLxqGBDh\r\nb7f9XCi61B08/lWWABKzX2kN5exFrfHBFSq5OCOxiDK+oCp3qiAPx2vjTvqCG7Z84i6qT/8B1ctx\r\nU9CPIH/unqovdQBP06nUSwIoCS3nbeY0/84IYECUW8A7gYHi1LN61ymPRU7S0x00YMf3j45GrNcp\r\nj0VO0tMdNGDH94+ORqzXKY9FTtLTHTRgx/ePjkas1ymPRU7S0x00YMf3j45GrNcpj0VO0tMdNGDH\r\n94+ORqza9QwQ/q54n9yIwREk0mzS','','a675f5ef7522365dde90cbec3a560027af2065d8174561bfef82e7f0bdf83279','Responsed','Technician','Scan'),
 (38,'venkat','P55471','D65532','Radiologist','Serius','java.pdf','application/pdf','7EF52','183296','Yg1o/xmQ9E0hb+06erOOYBBtre6DK+ojPUd95mnyY+ujk7kMCOiRwOqs9s8FSA9lzmpyEEDc/sNX\r\nv3yZwmJ7y/YZx78y98QIGFAUA8k+VfOyg5U2TqlnVoeDz5NlownT5TLyxbTubaMsYrzllYMb7da6\r\njMuZmEvHtK90s4GFVhnyV8HKlmKDtkZJ/gaFHso/5AbnGYg3YpC/Sz++ywVZBArg0cqM+5JluWTu\r\njgXahdq/FdBhErYXDP0TLupPcDwMG64U2qfsuUxjA9EhyAaeQWa/f02LLswR02R9xI5AD/JIwHeA\r\nD7YXp+vcyfxCb/T/f0Cmi8bDAZKVjM8rpo3p+2u9VdB2PDKZCiDlycEvUuO90/qzvNKa+paBRg8w\r\nHqP2PAsy4ZjLtITPI4T3P1TpYYJB8S6QAw6XagIT6KmqGj8t8KgLGG9UBhwAJmrYOsflJqJJQMUu\r\n3nfd9HDJlt2kMbc7dkJDUNot+ga3N9BTzEDebBxfKIzVcShBTB2vj0RLp5mstTt8iHFrwXOSHMXz\r\nLtZA+y63nvgZx+iT1JinkVV9MmKHpp2v2JTYRMpPDfFopQV9RrdHbXwpfyxL9ItYasNhd1vHfEZo\r\noGUPUaEa20ywDpH21HUUx9YysblV+dOhT+Cb37XJUuoulXvhm1LhTLn4CkcZhltPO7mEdRaMapWX\r\nwPPoSJNiXvh1UmTRzC2r9a4sqVPQzu2C6UlDNbkPO1s1/90ImtyZIVgg8pM5vLUmj8kd50+L6ASC\r\nifDlU0GHxJpkN2kJMJgQ/Bqajhv7FYOhLcYfugNrgRJL2Zs+EeFIs/LmbnU8JgRkmAqtQ6/LdZAG\r\n9AX5n1vPXWDpFQMcqfTOkh7Vo3mS6uQOaG0HX/obrhTap+y5TGMD0SHIBp5BQPkwUmaIwG124X1L\r\nBC2NuCTJZlpqUzblcXbWRw/HquXa1GF/G0a1aPefW0XGzV7KVjGnrqWM7M7nYQXer8Nl3PMBm93h\r\nAjgLBmHN+TH3niJx3I9uktvzJUbh0kw65QwmrGnmZHgAzAuDF1dCVKn6D+wC3HKM9hIu/jh1NH+U\r\nL9MdOOUo0fQqj4u7j7+GOWv/ZlZqIfrLQGWQCJn5sxQvfD4Vsath5KIT4akzfNoe4E35FgYctaAF\r\ndQjpor3Uj5jT7CDHrEvZuiT41e+ONcKUoJ4T6B8W8fPOt1MBMxV68jQuEDhq77HzN48Fxb4Ne6Yy\r\njPq+6CEga1lMzBtWzN9QLE9EBpN/YBr3gBb2xkiKAl+6ONzHpiwPwWzuasBDhQxvt+oKL6+0xnl/\r\nbA7Npav7dUD4zc/U/5/Ud5viXdsQQhGmYY3+6SAyMD8UArupm3gSG64U2qfsuUxjA9EhyAaeQS82\r\nWp5a+ScW1v64Nk6+8X2Ihz+dn9iB7+y6x1sx4Qm6/0eGoQ8I8OvJvcAhfHfM+KRqBdAh14ePxbKt\r\nB22Yk1mb3KJwXXNL9DswB+DSP7Qvy1AABmoaMo+SMUdHnsL8bcU6vqj0DCG7q2RBYg/mUkku99wH\r\nljAyyg8kuMmKnQmXRxze6pgJFOzjL6Q70fmsuEUQ+5THsROxkG8zK7wcLN3UDLMJR3M6WRqtAXr9\r\njRt11FHZs4aw+LYfK2ix8by6iDYOs6R6rHplDPXbjiOB8hJ1yIlrB9qCg8whL9C6fF/8F2pVb6JW\r\nD4gbmEEPyM1dfH/ef14m5ylaTIF912fymhvoB9qCE1yNrsVt1Jf9jzUJeK3ZpNHIOeeo1toi7G2E\r\n4oSJv6yLJEBjfsmBscCJy3u7mvKo4dPGNmkJlJd56AGHXxmiiboJzu9q9D5z2/7yFnLo4bCQlmBL\r\nTBX+ab7s38xB0gw3ASiUkK0PSbeMDjaen/MGaFtZyXmGpWaq+9Ot1mDmw/U4uFe1qhvwAQB5Jy31\r\n2Cf7i8knWtEhltqt3lqNuSDnkN/mFmK5MBt3j7xShc61oFmuWJRvZYVaXzckdgtivraU3aZcWmQk\r\n2T2OFPQESMYjH08ECexyffIJP1idkncSpdtyIFS43vo/EKlCbGjk9FKnncj47bR+FqjwB/aHpWUp\r\nC7f3n0sHiReLdYdmor+IfMpNncsg+1K2Sg5f3K4HKayKKpjGb7m0sLt7XR2GJZG+6xNOb3MZ5Fpq\r\nhINkSO6TU3GMiCfp8i0qKeJxPnkcNl4XCZ58B4dabDils7pEuOdCJqrX/enxbrK7xfYRcFc93N9u\r\nb0O+LpQ1tL/DKYBvHT6+fCopLdHd4ILgvm5tSR4YGckVp3VRo67QBgXqW2ircEMTHS6EiFJ7Whh7\r\nOHVebGFenM8ZGEhMVUNT4hrVzq3BUdJQ6rj3QdHluoL2xjD2oNJ5YXsK+tyPdFOvMej/OjqoxHn3\r\nPNjBtEqOzItQ6fuwlmMqmuyDdqgGaIS3yfhCm3TF06GHgT2SZQ9rklp2ebY5vi9RxDCrkbDEgM5F\r\n9IteVZxKU5dB6lzT3RT0TsUk7LO+fu5Dhcf4BG7m8Hwjhsm2V1gOS6dRULeHrD9RG6N3601obXVP\r\nMlvhmZ0HoEh6anIK3xL07rJFu3CTCA/n+jno3Js56JvrWb5kr+fqjWhpsx653qu7bGZlOW5mWa/e\r\nvaQpizLIHUkjI7Ht1HyIVRsqGLvYaiyiNcPKmrW0c7C7hoJOtI0bf4fTmaWKxk6ZDZZypgFxN8tJ\r\nZZFnJZM3pwjhcoJdoilXQ6Imu79dfppTpQI6Jfi0V7gX2SH88uHPlTtLYUcwq7g6Z8S3e1hxK3R9\r\n9rl6OMwXp320RDgXup7ISBNBGPVfgJU/CjN0vYq49dpLYh9mjh3mJZ9yWjraiHoYOneIPoo5SdVS\r\nD6ziTMg3u+YaTEtGhYG4gorueblhndr7hV0TwZV21/2UIKOYTaOEQtSHVshDj+JdNqIs9ti+DH99\r\nc0IC3LeRD1vSGTCuFI1lb3xQrGYpSrn8CikYOqOhp8yP3CMamyj4J/EGYEpBGq5XEMrmyLhRORSw\r\n8TSK4h8etTj1rCX2rvgyvElcKJRMCJqVH5Rs4ziJsCz63AROp8XLZcx9gUHWW7i8bZD7+XEYHztX\r\nnqdS28dmSP9NI4mExfBdGchL6tadEm0nYNPSPZL3hMMM4TC3WsvpHvAz8KY8y+9Hf3DlTAftIkE=','','32df9ab40377f814d51b95da60a8a3c1b6da25654796febb7fc85e3aeb0984b3','Responsed','Technician','Xray'),
 (39,'venkat','P77599','D21727','Radiologist','Serius','java.pdf','application/pdf','976HE','183296','Yg1o/xmQ9E0hb+06erOOYBBtre6DK+ojPUd95mnyY+ujk7kMCOiRwOqs9s8FSA9lzmpyEEDc/sNX\r\nv3yZwmJ7y/YZx78y98QIGFAUA8k+VfOyg5U2TqlnVoeDz5NlownT5TLyxbTubaMsYrzllYMb7da6\r\njMuZmEvHtK90s4GFVhnyV8HKlmKDtkZJ/gaFHso/5AbnGYg3YpC/Sz++ywVZBArg0cqM+5JluWTu\r\njgXahdq/FdBhErYXDP0TLupPcDwMG64U2qfsuUxjA9EhyAaeQWa/f02LLswR02R9xI5AD/JIwHeA\r\nD7YXp+vcyfxCb/T/f0Cmi8bDAZKVjM8rpo3p+2u9VdB2PDKZCiDlycEvUuO90/qzvNKa+paBRg8w\r\nHqP2PAsy4ZjLtITPI4T3P1TpYYJB8S6QAw6XagIT6KmqGj8t8KgLGG9UBhwAJmrYOsflJqJJQMUu\r\n3nfd9HDJlt2kMbc7dkJDUNot+ga3N9BTzEDebBxfKIzVcShBTB2vj0RLp5mstTt8iHFrwXOSHMXz\r\nLtZA+y63nvgZx+iT1JinkVV9MmKHpp2v2JTYRMpPDfFopQV9RrdHbXwpfyxL9ItYasNhd1vHfEZo\r\noGUPUaEa20ywDpH21HUUx9YysblV+dOhT+Cb37XJUuoulXvhm1LhTLn4CkcZhltPO7mEdRaMapWX\r\nwPPoSJNiXvh1UmTRzC2r9a4sqVPQzu2C6UlDNbkPO1s1/90ImtyZIVgg8pM5vLUmj8kd50+L6ASC\r\nifDlU0GHxJpkN2kJMJgQ/Bqajhv7FYOhLcYfugNrgRJL2Zs+EeFIs/LmbnU8JgRkmAqtQ6/LdZAG\r\n9AX5n1vPXWDpFQMcqfTOkh7Vo3mS6uQOaG0HX/obrhTap+y5TGMD0SHIBp5BQPkwUmaIwG124X1L\r\nBC2NuCTJZlpqUzblcXbWRw/HquXa1GF/G0a1aPefW0XGzV7KVjGnrqWM7M7nYQXer8Nl3PMBm93h\r\nAjgLBmHN+TH3niJx3I9uktvzJUbh0kw65QwmrGnmZHgAzAuDF1dCVKn6D+wC3HKM9hIu/jh1NH+U\r\nL9MdOOUo0fQqj4u7j7+GOWv/ZlZqIfrLQGWQCJn5sxQvfD4Vsath5KIT4akzfNoe4E35FgYctaAF\r\ndQjpor3Uj5jT7CDHrEvZuiT41e+ONcKUoJ4T6B8W8fPOt1MBMxV68jQuEDhq77HzN48Fxb4Ne6Yy\r\njPq+6CEga1lMzBtWzN9QLE9EBpN/YBr3gBb2xkiKAl+6ONzHpiwPwWzuasBDhQxvt+oKL6+0xnl/\r\nbA7Npav7dUD4zc/U/5/Ud5viXdsQQhGmYY3+6SAyMD8UArupm3gSG64U2qfsuUxjA9EhyAaeQS82\r\nWp5a+ScW1v64Nk6+8X2Ihz+dn9iB7+y6x1sx4Qm6/0eGoQ8I8OvJvcAhfHfM+KRqBdAh14ePxbKt\r\nB22Yk1mb3KJwXXNL9DswB+DSP7Qvy1AABmoaMo+SMUdHnsL8bcU6vqj0DCG7q2RBYg/mUkku99wH\r\nljAyyg8kuMmKnQmXRxze6pgJFOzjL6Q70fmsuEUQ+5THsROxkG8zK7wcLN3UDLMJR3M6WRqtAXr9\r\njRt11FHZs4aw+LYfK2ix8by6iDYOs6R6rHplDPXbjiOB8hJ1yIlrB9qCg8whL9C6fF/8F2pVb6JW\r\nD4gbmEEPyM1dfH/ef14m5ylaTIF912fymhvoB9qCE1yNrsVt1Jf9jzUJeK3ZpNHIOeeo1toi7G2E\r\n4oSJv6yLJEBjfsmBscCJy3u7mvKo4dPGNmkJlJd56AGHXxmiiboJzu9q9D5z2/7yFnLo4bCQlmBL\r\nTBX+ab7s38xB0gw3ASiUkK0PSbeMDjaen/MGaFtZyXmGpWaq+9Ot1mDmw/U4uFe1qhvwAQB5Jy31\r\n2Cf7i8knWtEhltqt3lqNuSDnkN/mFmK5MBt3j7xShc61oFmuWJRvZYVaXzckdgtivraU3aZcWmQk\r\n2T2OFPQESMYjH08ECexyffIJP1idkncSpdtyIFS43vo/EKlCbGjk9FKnncj47bR+FqjwB/aHpWUp\r\nC7f3n0sHiReLdYdmor+IfMpNncsg+1K2Sg5f3K4HKayKKpjGb7m0sLt7XR2GJZG+6xNOb3MZ5Fpq\r\nhINkSO6TU3GMiCfp8i0qKeJxPnkcNl4XCZ58B4dabDils7pEuOdCJqrX/enxbrK7xfYRcFc93N9u\r\nb0O+LpQ1tL/DKYBvHT6+fCopLdHd4ILgvm5tSR4YGckVp3VRo67QBgXqW2ircEMTHS6EiFJ7Whh7\r\nOHVebGFenM8ZGEhMVUNT4hrVzq3BUdJQ6rj3QdHluoL2xjD2oNJ5YXsK+tyPdFOvMej/OjqoxHn3\r\nPNjBtEqOzItQ6fuwlmMqmuyDdqgGaIS3yfhCm3TF06GHgT2SZQ9rklp2ebY5vi9RxDCrkbDEgM5F\r\n9IteVZxKU5dB6lzT3RT0TsUk7LO+fu5Dhcf4BG7m8Hwjhsm2V1gOS6dRULeHrD9RG6N3601obXVP\r\nMlvhmZ0HoEh6anIK3xL07rJFu3CTCA/n+jno3Js56JvrWb5kr+fqjWhpsx653qu7bGZlOW5mWa/e\r\nvaQpizLIHUkjI7Ht1HyIVRsqGLvYaiyiNcPKmrW0c7C7hoJOtI0bf4fTmaWKxk6ZDZZypgFxN8tJ\r\nZZFnJZM3pwjhcoJdoilXQ6Imu79dfppTpQI6Jfi0V7gX2SH88uHPlTtLYUcwq7g6Z8S3e1hxK3R9\r\n9rl6OMwXp320RDgXup7ISBNBGPVfgJU/CjN0vYq49dpLYh9mjh3mJZ9yWjraiHoYOneIPoo5SdVS\r\nD6ziTMg3u+YaTEtGhYG4gorueblhndr7hV0TwZV21/2UIKOYTaOEQtSHVshDj+JdNqIs9ti+DH99\r\nc0IC3LeRD1vSGTCuFI1lb3xQrGYpSrn8CikYOqOhp8yP3CMamyj4J/EGYEpBGq5XEMrmyLhRORSw\r\n8TSK4h8etTj1rCX2rvgyvElcKJRMCJqVH5Rs4ziJsCz63AROp8XLZcx9gUHWW7i8bZD7+XEYHztX\r\nnqdS28dmSP9NI4mExfBdGchL6tadEm0nYNPSPZL3hMMM4TC3WsvpHvAz8KY8y+9Hf3DlTAftIkE=','','c779fc52b25109a06fdef7054aadb4f13917276f41b1fbcd2873659cc9774ed9',NULL,'Technician','Xray'),
 (40,'venkat','P77599','D21727','Radiologist','Serius','java.pdf','application/pdf','6G11A','183296','Yg1o/xmQ9E0hb+06erOOYBBtre6DK+ojPUd95mnyY+ujk7kMCOiRwOqs9s8FSA9lzmpyEEDc/sNX\r\nv3yZwmJ7y/YZx78y98QIGFAUA8k+VfOyg5U2TqlnVoeDz5NlownT5TLyxbTubaMsYrzllYMb7da6\r\njMuZmEvHtK90s4GFVhnyV8HKlmKDtkZJ/gaFHso/5AbnGYg3YpC/Sz++ywVZBArg0cqM+5JluWTu\r\njgXahdq/FdBhErYXDP0TLupPcDwMG64U2qfsuUxjA9EhyAaeQWa/f02LLswR02R9xI5AD/JIwHeA\r\nD7YXp+vcyfxCb/T/f0Cmi8bDAZKVjM8rpo3p+2u9VdB2PDKZCiDlycEvUuO90/qzvNKa+paBRg8w\r\nHqP2PAsy4ZjLtITPI4T3P1TpYYJB8S6QAw6XagIT6KmqGj8t8KgLGG9UBhwAJmrYOsflJqJJQMUu\r\n3nfd9HDJlt2kMbc7dkJDUNot+ga3N9BTzEDebBxfKIzVcShBTB2vj0RLp5mstTt8iHFrwXOSHMXz\r\nLtZA+y63nvgZx+iT1JinkVV9MmKHpp2v2JTYRMpPDfFopQV9RrdHbXwpfyxL9ItYasNhd1vHfEZo\r\noGUPUaEa20ywDpH21HUUx9YysblV+dOhT+Cb37XJUuoulXvhm1LhTLn4CkcZhltPO7mEdRaMapWX\r\nwPPoSJNiXvh1UmTRzC2r9a4sqVPQzu2C6UlDNbkPO1s1/90ImtyZIVgg8pM5vLUmj8kd50+L6ASC\r\nifDlU0GHxJpkN2kJMJgQ/Bqajhv7FYOhLcYfugNrgRJL2Zs+EeFIs/LmbnU8JgRkmAqtQ6/LdZAG\r\n9AX5n1vPXWDpFQMcqfTOkh7Vo3mS6uQOaG0HX/obrhTap+y5TGMD0SHIBp5BQPkwUmaIwG124X1L\r\nBC2NuCTJZlpqUzblcXbWRw/HquXa1GF/G0a1aPefW0XGzV7KVjGnrqWM7M7nYQXer8Nl3PMBm93h\r\nAjgLBmHN+TH3niJx3I9uktvzJUbh0kw65QwmrGnmZHgAzAuDF1dCVKn6D+wC3HKM9hIu/jh1NH+U\r\nL9MdOOUo0fQqj4u7j7+GOWv/ZlZqIfrLQGWQCJn5sxQvfD4Vsath5KIT4akzfNoe4E35FgYctaAF\r\ndQjpor3Uj5jT7CDHrEvZuiT41e+ONcKUoJ4T6B8W8fPOt1MBMxV68jQuEDhq77HzN48Fxb4Ne6Yy\r\njPq+6CEga1lMzBtWzN9QLE9EBpN/YBr3gBb2xkiKAl+6ONzHpiwPwWzuasBDhQxvt+oKL6+0xnl/\r\nbA7Npav7dUD4zc/U/5/Ud5viXdsQQhGmYY3+6SAyMD8UArupm3gSG64U2qfsuUxjA9EhyAaeQS82\r\nWp5a+ScW1v64Nk6+8X2Ihz+dn9iB7+y6x1sx4Qm6/0eGoQ8I8OvJvcAhfHfM+KRqBdAh14ePxbKt\r\nB22Yk1mb3KJwXXNL9DswB+DSP7Qvy1AABmoaMo+SMUdHnsL8bcU6vqj0DCG7q2RBYg/mUkku99wH\r\nljAyyg8kuMmKnQmXRxze6pgJFOzjL6Q70fmsuEUQ+5THsROxkG8zK7wcLN3UDLMJR3M6WRqtAXr9\r\njRt11FHZs4aw+LYfK2ix8by6iDYOs6R6rHplDPXbjiOB8hJ1yIlrB9qCg8whL9C6fF/8F2pVb6JW\r\nD4gbmEEPyM1dfH/ef14m5ylaTIF912fymhvoB9qCE1yNrsVt1Jf9jzUJeK3ZpNHIOeeo1toi7G2E\r\n4oSJv6yLJEBjfsmBscCJy3u7mvKo4dPGNmkJlJd56AGHXxmiiboJzu9q9D5z2/7yFnLo4bCQlmBL\r\nTBX+ab7s38xB0gw3ASiUkK0PSbeMDjaen/MGaFtZyXmGpWaq+9Ot1mDmw/U4uFe1qhvwAQB5Jy31\r\n2Cf7i8knWtEhltqt3lqNuSDnkN/mFmK5MBt3j7xShc61oFmuWJRvZYVaXzckdgtivraU3aZcWmQk\r\n2T2OFPQESMYjH08ECexyffIJP1idkncSpdtyIFS43vo/EKlCbGjk9FKnncj47bR+FqjwB/aHpWUp\r\nC7f3n0sHiReLdYdmor+IfMpNncsg+1K2Sg5f3K4HKayKKpjGb7m0sLt7XR2GJZG+6xNOb3MZ5Fpq\r\nhINkSO6TU3GMiCfp8i0qKeJxPnkcNl4XCZ58B4dabDils7pEuOdCJqrX/enxbrK7xfYRcFc93N9u\r\nb0O+LpQ1tL/DKYBvHT6+fCopLdHd4ILgvm5tSR4YGckVp3VRo67QBgXqW2ircEMTHS6EiFJ7Whh7\r\nOHVebGFenM8ZGEhMVUNT4hrVzq3BUdJQ6rj3QdHluoL2xjD2oNJ5YXsK+tyPdFOvMej/OjqoxHn3\r\nPNjBtEqOzItQ6fuwlmMqmuyDdqgGaIS3yfhCm3TF06GHgT2SZQ9rklp2ebY5vi9RxDCrkbDEgM5F\r\n9IteVZxKU5dB6lzT3RT0TsUk7LO+fu5Dhcf4BG7m8Hwjhsm2V1gOS6dRULeHrD9RG6N3601obXVP\r\nMlvhmZ0HoEh6anIK3xL07rJFu3CTCA/n+jno3Js56JvrWb5kr+fqjWhpsx653qu7bGZlOW5mWa/e\r\nvaQpizLIHUkjI7Ht1HyIVRsqGLvYaiyiNcPKmrW0c7C7hoJOtI0bf4fTmaWKxk6ZDZZypgFxN8tJ\r\nZZFnJZM3pwjhcoJdoilXQ6Imu79dfppTpQI6Jfi0V7gX2SH88uHPlTtLYUcwq7g6Z8S3e1hxK3R9\r\n9rl6OMwXp320RDgXup7ISBNBGPVfgJU/CjN0vYq49dpLYh9mjh3mJZ9yWjraiHoYOneIPoo5SdVS\r\nD6ziTMg3u+YaTEtGhYG4gorueblhndr7hV0TwZV21/2UIKOYTaOEQtSHVshDj+JdNqIs9ti+DH99\r\nc0IC3LeRD1vSGTCuFI1lb3xQrGYpSrn8CikYOqOhp8yP3CMamyj4J/EGYEpBGq5XEMrmyLhRORSw\r\n8TSK4h8etTj1rCX2rvgyvElcKJRMCJqVH5Rs4ziJsCz63AROp8XLZcx9gUHWW7i8bZD7+XEYHztX\r\nnqdS28dmSP9NI4mExfBdGchL6tadEm0nYNPSPZL3hMMM4TC3WsvpHvAz8KY8y+9Hf3DlTAftIkE=','c779fc52b25109a06fdef7054aadb4f13917276f41b1fbcd2873659cc9774ed9','8f91a3ceab34a4c3ee57d55c31ba7a5ce4ce1746a782227aebdff1084a6e89a5',NULL,'Technician','Xray'),
 (41,'venkat','P77599','D21727','Radiologist','Serius','Java-Web-.pdf','application/pdf','2C3DC','243625','GEk74ZLBT+JnlNZs6h/GWSy396mtGnSf/IE+2rL5ykxylGd6Ky7iIgwbOeyiJ+xkrci/VEfcoGTe\r\nnZMrfeUZuomQyHA01STHcuHCT3fVYsGbQKbf5G61KljqhHofvXJr/Mp03ce6Lt+vE0JaPVH9fwGY\r\n1ToNcF011QCqULhkl1WeDofoyniHhhuQG84utrJdAxAEiLcQ5MObj3LdDThdh3vPwI9z8riR4yPM\r\nuZs/fvpYhEx9cHV055uPQQ+nOHH7PYVbJbrshSyC+pFWB+wH8UpcgWuAN9Yq0RZyria3+CmXhNqi\r\nhxaZZEuarzcxp8qzfrwJcvyB/btHE1gwt7q5ICr7bYmPtj4XHAAoPhw4LWrZk0c+99iDZxgImHCd\r\nRMKMmSmsTr64O97ETjIy4zURBl0XcyZrLOAzdacA/fMadL2HZKcLsqjWpe57kGQatOJibVIAuC76\r\nYlngPESjh8Q3KP98bKBJzIaW5uhHiasmGu2ajSZKQsTuoNTd+7Tkdiy9RGetbqhrZnKGze9XKCuR\r\nFgwdMc+M2OMurNvZXmMEGbDTu3J6nKOjl2HVsPWXb/DNs47LrtEROy0Nbw4gjLH5JudCxaMIoxed\r\neE5xIWlRXji6YryRs9cTJM0RTVs+MNWQ/JKQU3tsluZPb2kKgkBlt1vxb6RNBCfSQSW/r7IzwHN5\r\n5UOhmJ1nx6tQAy41qax6l4TaoocWmWRLmq83MafKs4YNqa9tH4QmQ/SnOlVwBdS12QMR/RTMGR8y\r\ntIExWgEDyrknddxpTiS5/zEIe0/VmmVodwgo6BNGmVAh310JYNAHc7CrwVxLGCF9tJXgLV65YFur\r\nDgIX5tK1P8usWF5RDoM19N1d9amb2hI7C6hFFYxo7yhhQMOZ0vQDQgDir/tAveSDazveoOA5bZDN\r\n2q5GEJdpNKkJd4fmGjUzHKU8jsXPS3NWvpcG36Go+tQM8XkWlatoV+VzVM2nlz3h98tiLzcmFFuN\r\nS3fPeJfVTxTBYAvh2jyI7y5bAjWZSPUapfT5yxRP+vVKVfS0HiKWKNvBN0O5WaR33kvXjZx7yG6t\r\njZN5NLIGRU9FYAL2NfoxTi829GadKwdHkGKoHNVH9LdIekafCRooAhBb12tx6xhn1MGF6cYQT9EW\r\n2QlJ1QJ37SuuZFBbOMP5aj0PKQpG0kHqs1iSaJsVmlA2NzH8aau10Lbo1fmoLCXP8C5ba4p0qFb9\r\nAiD1JN61AoiKzsUs4H77N0S5wuWqJHJALPa5MJSU9gQgBujkNXsoQIS8BWw5CDLZIFBcgOgS69jk\r\nlpS8NSRcVfVnFQwgJhhCvX4tVnpsW3xMGPos+72gULKlTsdDcZPECPWhmTzvUiVs+FnTnUaRJqEe\r\nNOMJxu4wltiuomjS1e+dTLmUjUT6QKpWdpEqB6+hDQ9m0KwfHvM5mj/hrJMHiYx0SE5s3Shnx7sb\r\nUuBc3VRgqg3ea4gYzcHOzCkYufT7TeEPD0B58OAadhXFjJVBJSab7bhXYl7S8gfm0tZvoqPcqAvN\r\nVPFL1Lx8GT5XuXq/qdsFLbL8moXHsTKpD1xKbOnHseerRNoRMrpSbOj6rfNvOeOTTpujaEGb+l+e\r\nbNG/SJHyE8xo3laofNmuFqyQI5R+DcTN1o4Yn6IrL9RsqM5XdqATzTnVAtQXTX8YdhPaD6Im8DQx\r\nsygQaJMWKk+Lvy++ST0zomYUZFx0pmORQNj4wv2KBst58uNtem9StCJNwp774X2cHppJKVkXRkNV\r\nCl0uHVbXgUen3TfmJusL4QjgIp9gMv5+kpIgcqMaa/vAzBwyfNMyqcuzElNd/IdThYTXGL7C1NvY\r\n0CFIxV9UyvpZE4qZKQxQCd92yPB7RGufdmkNr4MYFEbrLB2/mQYkJv3k/B27RMASd3McKaGAgEco\r\nrUV+yUcopWQs3B7Z7XedZl1rI/ESv7GUvVW6Sx9zSMDJwZ4m4Vs7FDU52WNKs06zjsuu0RE7LQ1v\r\nDiCMsfkm4xcRNzdYrOfnmvKzGn6tw4+BA01DrxFSTH6pKpxmrCLZaDA4zkGdjSbRvbpE5kMzFsZ0\r\nR2zrkDLTO1xsCsKsDJdYf4CWSditEHozc2r2cFS+OZj71/xECLSzmQ5hp2NXar8v164Y/GI4FHNe\r\nGsw0S/LTm7m3NOP8mC1WdxSgA66ero5eu52GmsK8DQfodzxKBh9Y9X5ybN+yQ4A2X9+KtxllwjSM\r\nutn0odEHqY55MjJ/b9Jf/ruXE4hmC83luHtwpN1HLLPNQ6cik0Zk4WOiZqEe3dYfQybykHetnIsJ\r\nWoUWfnR/jDVoGNEE4fR+xYmBnzLdynz0cM5qdy8BCbMUC+6SuKFqMtPFli/vY+JBXTLI7h4pJlw5\r\nyk6FVpDRJOAjNNFTXuhTPrsqMfz+RmcqdsRvjRhlJnXS+GKQxl4OwNQ7HTifRGHxHL859uzTFEMg\r\nLkDYOCxmDxmTO1NmcviXs/tD1FSk6v+mQLXsLLLiYdp67aPlWfGI9fXgRz1+WyjwyUh5t01lHDzZ\r\nlUiK1+Af3JWR4Koc66vhncwRO2Bkqqou3QhLz8bzq+Kc3P7SguunpX0cT7rDdKQjE7Jql+vez8+c\r\nBoPO9Bcq5LJaN230x1t6oqoTDvOWcbibqJwsDu6IzlXCFjqZKWaqjExwGb1MhHCjs6H2nYCsTLGP\r\nJLTMm41rdHwoi5qv5cnevIUrZx+rXdvBcBGED1jjAGqGv/On2sDpmgKPUyty7SIdfWbJyuS+4jKc\r\nxx4rmbmGDJOdtarIECEGjln4c29zSZbV3u3UjVyKfqXHK4Alrdt/1fuM/D2OTqmCmg9ni4JVYnGg\r\nPk3rFJ8CmXkxXzbRAiTN/B0ZUU3xuUeDjXzUlU1mPqwodKe/6nINgcMYsHzADu3gFJzpR7ousler\r\nmWqMLJmFogpXFGC36Uvwr6bm+AjL1xNANmgig0cU09a3sd5hp578G+q0dL8US40TMxmwLieZabJm\r\nZQ2XFqBg/UPqBbMllQcIIa57r7YOc0KkpSOQH2NEYP10','8f91a3ceab34a4c3ee57d55c31ba7a5ce4ce1746a782227aebdff1084a6e89a5','5d4f53def2403909cfecf4746f40d74705d309cacb210f9e146b3c7832eb68cc',NULL,'Technician','Xray'),
 (42,'karthick','P58623','D24783','Radiologist','Serius','Java-Web-.pdf','application/pdf','3EG71','243625','GEk74ZLBT+JnlNZs6h/GWSy396mtGnSf/IE+2rL5ykxylGd6Ky7iIgwbOeyiJ+xkrci/VEfcoGTe\r\nnZMrfeUZuomQyHA01STHcuHCT3fVYsGbQKbf5G61KljqhHofvXJr/Mp03ce6Lt+vE0JaPVH9fwGY\r\n1ToNcF011QCqULhkl1WeDofoyniHhhuQG84utrJdAxAEiLcQ5MObj3LdDThdh3vPwI9z8riR4yPM\r\nuZs/fvpYhEx9cHV055uPQQ+nOHH7PYVbJbrshSyC+pFWB+wH8UpcgWuAN9Yq0RZyria3+CmXhNqi\r\nhxaZZEuarzcxp8qzfrwJcvyB/btHE1gwt7q5ICr7bYmPtj4XHAAoPhw4LWrZk0c+99iDZxgImHCd\r\nRMKMmSmsTr64O97ETjIy4zURBl0XcyZrLOAzdacA/fMadL2HZKcLsqjWpe57kGQatOJibVIAuC76\r\nYlngPESjh8Q3KP98bKBJzIaW5uhHiasmGu2ajSZKQsTuoNTd+7Tkdiy9RGetbqhrZnKGze9XKCuR\r\nFgwdMc+M2OMurNvZXmMEGbDTu3J6nKOjl2HVsPWXb/DNs47LrtEROy0Nbw4gjLH5JudCxaMIoxed\r\neE5xIWlRXji6YryRs9cTJM0RTVs+MNWQ/JKQU3tsluZPb2kKgkBlt1vxb6RNBCfSQSW/r7IzwHN5\r\n5UOhmJ1nx6tQAy41qax6l4TaoocWmWRLmq83MafKs4YNqa9tH4QmQ/SnOlVwBdS12QMR/RTMGR8y\r\ntIExWgEDyrknddxpTiS5/zEIe0/VmmVodwgo6BNGmVAh310JYNAHc7CrwVxLGCF9tJXgLV65YFur\r\nDgIX5tK1P8usWF5RDoM19N1d9amb2hI7C6hFFYxo7yhhQMOZ0vQDQgDir/tAveSDazveoOA5bZDN\r\n2q5GEJdpNKkJd4fmGjUzHKU8jsXPS3NWvpcG36Go+tQM8XkWlatoV+VzVM2nlz3h98tiLzcmFFuN\r\nS3fPeJfVTxTBYAvh2jyI7y5bAjWZSPUapfT5yxRP+vVKVfS0HiKWKNvBN0O5WaR33kvXjZx7yG6t\r\njZN5NLIGRU9FYAL2NfoxTi829GadKwdHkGKoHNVH9LdIekafCRooAhBb12tx6xhn1MGF6cYQT9EW\r\n2QlJ1QJ37SuuZFBbOMP5aj0PKQpG0kHqs1iSaJsVmlA2NzH8aau10Lbo1fmoLCXP8C5ba4p0qFb9\r\nAiD1JN61AoiKzsUs4H77N0S5wuWqJHJALPa5MJSU9gQgBujkNXsoQIS8BWw5CDLZIFBcgOgS69jk\r\nlpS8NSRcVfVnFQwgJhhCvX4tVnpsW3xMGPos+72gULKlTsdDcZPECPWhmTzvUiVs+FnTnUaRJqEe\r\nNOMJxu4wltiuomjS1e+dTLmUjUT6QKpWdpEqB6+hDQ9m0KwfHvM5mj/hrJMHiYx0SE5s3Shnx7sb\r\nUuBc3VRgqg3ea4gYzcHOzCkYufT7TeEPD0B58OAadhXFjJVBJSab7bhXYl7S8gfm0tZvoqPcqAvN\r\nVPFL1Lx8GT5XuXq/qdsFLbL8moXHsTKpD1xKbOnHseerRNoRMrpSbOj6rfNvOeOTTpujaEGb+l+e\r\nbNG/SJHyE8xo3laofNmuFqyQI5R+DcTN1o4Yn6IrL9RsqM5XdqATzTnVAtQXTX8YdhPaD6Im8DQx\r\nsygQaJMWKk+Lvy++ST0zomYUZFx0pmORQNj4wv2KBst58uNtem9StCJNwp774X2cHppJKVkXRkNV\r\nCl0uHVbXgUen3TfmJusL4QjgIp9gMv5+kpIgcqMaa/vAzBwyfNMyqcuzElNd/IdThYTXGL7C1NvY\r\n0CFIxV9UyvpZE4qZKQxQCd92yPB7RGufdmkNr4MYFEbrLB2/mQYkJv3k/B27RMASd3McKaGAgEco\r\nrUV+yUcopWQs3B7Z7XedZl1rI/ESv7GUvVW6Sx9zSMDJwZ4m4Vs7FDU52WNKs06zjsuu0RE7LQ1v\r\nDiCMsfkm4xcRNzdYrOfnmvKzGn6tw4+BA01DrxFSTH6pKpxmrCLZaDA4zkGdjSbRvbpE5kMzFsZ0\r\nR2zrkDLTO1xsCsKsDJdYf4CWSditEHozc2r2cFS+OZj71/xECLSzmQ5hp2NXar8v164Y/GI4FHNe\r\nGsw0S/LTm7m3NOP8mC1WdxSgA66ero5eu52GmsK8DQfodzxKBh9Y9X5ybN+yQ4A2X9+KtxllwjSM\r\nutn0odEHqY55MjJ/b9Jf/ruXE4hmC83luHtwpN1HLLPNQ6cik0Zk4WOiZqEe3dYfQybykHetnIsJ\r\nWoUWfnR/jDVoGNEE4fR+xYmBnzLdynz0cM5qdy8BCbMUC+6SuKFqMtPFli/vY+JBXTLI7h4pJlw5\r\nyk6FVpDRJOAjNNFTXuhTPrsqMfz+RmcqdsRvjRhlJnXS+GKQxl4OwNQ7HTifRGHxHL859uzTFEMg\r\nLkDYOCxmDxmTO1NmcviXs/tD1FSk6v+mQLXsLLLiYdp67aPlWfGI9fXgRz1+WyjwyUh5t01lHDzZ\r\nlUiK1+Af3JWR4Koc66vhncwRO2Bkqqou3QhLz8bzq+Kc3P7SguunpX0cT7rDdKQjE7Jql+vez8+c\r\nBoPO9Bcq5LJaN230x1t6oqoTDvOWcbibqJwsDu6IzlXCFjqZKWaqjExwGb1MhHCjs6H2nYCsTLGP\r\nJLTMm41rdHwoi5qv5cnevIUrZx+rXdvBcBGED1jjAGqGv/On2sDpmgKPUyty7SIdfWbJyuS+4jKc\r\nxx4rmbmGDJOdtarIECEGjln4c29zSZbV3u3UjVyKfqXHK4Alrdt/1fuM/D2OTqmCmg9ni4JVYnGg\r\nPk3rFJ8CmXkxXzbRAiTN/B0ZUU3xuUeDjXzUlU1mPqwodKe/6nINgcMYsHzADu3gFJzpR7ousler\r\nmWqMLJmFogpXFGC36Uvwr6bm+AjL1xNANmgig0cU09a3sd5hp578G+q0dL8US40TMxmwLieZabJm\r\nZQ2XFqBg/UPqBbMllQcIIa57r7YOc0KkpSOQH2NEYP10','5d4f53def2403909cfecf4746f40d74705d309cacb210f9e146b3c7832eb68cc','a55af0012eb11c714bc1f7b170ed9968e2299625faeab5fed42e5fc27a4f016e','Responsed','Technician','Xray');
/*!40000 ALTER TABLE `report` ENABLE KEYS */;




/*!40101 SET SQL_MODE=@OLD_SQL_MODE */;
/*!40014 SET FOREIGN_KEY_CHECKS=@OLD_FOREIGN_KEY_CHECKS */;
/*!40014 SET UNIQUE_CHECKS=@OLD_UNIQUE_CHECKS */;
/*!40101 SET CHARACTER_SET_CLIENT=@OLD_CHARACTER_SET_CLIENT */;
/*!40101 SET CHARACTER_SET_RESULTS=@OLD_CHARACTER_SET_RESULTS */;
/*!40101 SET COLLATION_CONNECTION=@OLD_COLLATION_CONNECTION */;
/*!40101 SET CHARACTER_SET_CLIENT=@OLD_CHARACTER_SET_CLIENT */;
